,bat.id,date.time,body.mass.kg,heart.mass.kg,activity,fH.bpm,W,Joules.p.h
1,bat4,12/4/14 6:58,0.0188,0.000188,day roost,498,0.591009902,2127.635646
2,bat4,12/4/14 6:58,0.0188,0.000188,day roost,496,0.586119035,2110.028527
3,bat4,12/4/14 6:58,0.0188,0.000188,day roost,494,0.581249127,2092.496858
4,bat4,12/4/14 6:58,0.0188,0.000188,day roost,491,0.573983549,2066.340778
5,bat4,12/4/14 6:58,0.0188,0.000188,day roost,492,0.576400172,2075.040618
6,bat4,12/4/14 6:58,0.0188,0.000188,day roost,490,0.571572163,2057.659787
7,bat4,12/4/14 6:58,0.0188,0.000188,day roost,492,0.576400172,2075.040618
8,bat4,12/4/14 6:58,0.0188,0.000188,day roost,491,0.573983549,2066.340778
9,bat4,12/4/14 6:59,0.0188,0.000188,day roost,489,0.569166012,2048.997644
10,bat4,12/4/14 6:59,0.0188,0.000188,day roost,492,0.576400172,2075.040618
11,bat4,12/4/14 6:59,0.0188,0.000188,day roost,498,0.591009902,2127.635646
12,bat4,12/4/14 6:59,0.0188,0.000188,day roost,502,0.600854531,2163.07631
13,bat4,12/4/14 6:59,0.0188,0.000188,day roost,503,0.603328795,2171.983662
14,bat4,12/4/14 6:59,0.0188,0.000188,day roost,504,0.605808304,2180.909894
15,bat4,12/4/14 6:59,0.0188,0.000188,day roost,503,0.603328795,2171.983662
16,bat4,12/4/14 6:59,0.0188,0.000188,day roost,503,0.603328795,2171.983662
17,bat4,12/4/14 6:59,0.0188,0.000188,day roost,501,0.59838551,2154.187835
18,bat4,12/4/14 6:59,0.0188,0.000188,day roost,503,0.603328795,2171.983662
19,bat4,12/4/14 6:59,0.0188,0.000188,day roost,507,0.613278303,2207.801891
20,bat4,12/4/14 6:59,0.0188,0.000188,day roost,508,0.615778796,2216.803666
21,bat4,12/4/14 6:59,0.0188,0.000188,day roost,505,0.608293058,2189.855008
22,bat4,12/4/14 6:59,0.0188,0.000188,day roost,504,0.605808304,2180.909894
23,bat4,12/4/14 6:59,0.0188,0.000188,day roost,504,0.605808304,2180.909894
24,bat4,12/4/14 6:59,0.0188,0.000188,day roost,501,0.59838551,2154.187835
25,bat4,12/4/14 6:59,0.0188,0.000188,day roost,503,0.603328795,2171.983662
26,bat4,12/4/14 6:59,0.0188,0.000188,day roost,503,0.603328795,2171.983662
27,bat4,12/4/14 6:59,0.0188,0.000188,day roost,505,0.608293058,2189.855008
28,bat4,12/4/14 6:59,0.0188,0.000188,day roost,502,0.600854531,2163.07631
29,bat4,12/4/14 6:59,0.0188,0.000188,day roost,502,0.600854531,2163.07631
30,bat4,12/4/14 6:59,0.0188,0.000188,day roost,503,0.603328795,2171.983662
31,bat4,12/4/14 6:59,0.0188,0.000188,day roost,503,0.603328795,2171.983662
32,bat4,12/4/14 6:59,0.0188,0.000188,day roost,503,0.603328795,2171.983662
33,bat4,12/4/14 6:59,0.0188,0.000188,day roost,502,0.600854531,2163.07631
34,bat4,12/4/14 6:59,0.0188,0.000188,day roost,502,0.600854531,2163.07631
35,bat4,12/4/14 6:59,0.0188,0.000188,day roost,498,0.591009902,2127.635646
36,bat4,12/4/14 6:59,0.0188,0.000188,day roost,496,0.586119035,2110.028527
37,bat4,12/4/14 6:59,0.0188,0.000188,day roost,492,0.576400172,2075.040618
38,bat4,12/4/14 6:59,0.0188,0.000188,day roost,493,0.578822031,2083.759311
39,bat4,12/4/14 6:59,0.0188,0.000188,day roost,493,0.578822031,2083.759311
40,bat4,12/4/14 6:59,0.0188,0.000188,day roost,494,0.581249127,2092.496858
41,bat4,12/4/14 6:59,0.0188,0.000188,day roost,500,0.595921732,2145.318234
42,bat4,12/4/14 6:59,0.0188,0.000188,day roost,505,0.608293058,2189.855008
43,bat4,12/4/14 6:59,0.0188,0.000188,day roost,513,0.628359989,2262.095959
44,bat4,12/4/14 6:59,0.0188,0.000188,day roost,520,0.64619422,2326.299191
45,bat4,12/4/14 6:59,0.0188,0.000188,day roost,524,0.656500818,2363.402947
46,bat4,12/4/14 6:59,0.0188,0.000188,day roost,526,0.661685665,2382.068393
47,bat4,12/4/14 6:59,0.0188,0.000188,day roost,529,0.669502383,2410.208578
48,bat4,12/4/14 6:59,0.0188,0.000188,day roost,530,0.672118478,2419.626519
49,bat4,12/4/14 6:59,0.0188,0.000188,day roost,535,0.685277897,2467.000428
50,bat4,12/4/14 6:59,0.0188,0.000188,day roost,550,0.725546277,2611.966598
51,bat4,12/4/14 6:59,0.0188,0.000188,day roost,560,0.753051087,2710.983915
52,bat4,12/4/14 6:59,0.0188,0.000188,day roost,572,0.786754007,2832.314427
53,bat4,12/4/14 6:59,0.0188,0.000188,day roost,583,0.818317295,2945.942261
54,bat4,12/4/14 7:00,0.0188,0.000188,day roost,596,0.856445419,3083.203508
55,bat4,12/4/14 7:00,0.0188,0.000188,day roost,613,0.907657591,3267.567328
56,bat4,12/4/14 7:00,0.0188,0.000188,day roost,631,0.963555625,3468.80025
57,bat4,12/4/14 7:00,0.0188,0.000188,day roost,648,1.017931494,3664.553379
58,bat4,12/4/14 7:00,0.0188,0.000188,day roost,663,1.06718964,3841.882703
59,bat4,12/4/14 7:00,0.0188,0.000188,day roost,674,1.104075698,3974.672512
60,bat4,12/4/14 7:00,0.0188,0.000188,day roost,673,1.100695705,3962.504538
61,bat4,12/4/14 7:00,0.0188,0.000188,day roost,674,1.104075698,3974.672512
62,bat4,12/4/14 7:00,0.0188,0.000188,day roost,674,1.104075698,3974.672512
63,bat4,12/4/14 7:00,0.0188,0.000188,day roost,673,1.100695705,3962.504538
64,bat4,12/4/14 7:00,0.0188,0.000188,day roost,670,1.090587792,3926.116051
65,bat4,12/4/14 7:00,0.0188,0.000188,day roost,666,1.077185373,3877.867342
66,bat4,12/4/14 7:00,0.0188,0.000188,day roost,663,1.06718964,3841.882703
67,bat4,12/4/14 7:00,0.0188,0.000188,day roost,659,1.053936743,3794.172275
68,bat4,12/4/14 7:00,0.0188,0.000188,day roost,656,1.044053113,3758.591206
69,bat4,12/4/14 7:00,0.0188,0.000188,day roost,654,1.037490705,3734.966538
70,bat4,12/4/14 7:00,0.0188,0.000188,day roost,650,1.0244299,3687.94764
71,bat4,12/4/14 7:00,0.0188,0.000188,day roost,644,1.004998655,3617.995157
72,bat4,12/4/14 7:00,0.0188,0.000188,day roost,637,0.982571339,3537.256822
73,bat4,12/4/14 7:00,0.0188,0.000188,day roost,635,0.976211472,3514.361299
74,bat4,12/4/14 7:01,0.0188,0.000188,day roost,635,0.976211472,3514.361299
75,bat4,12/4/14 7:01,0.0188,0.000188,day roost,634,0.973039525,3502.94229
76,bat4,12/4/14 7:01,0.0188,0.000188,day roost,632,0.966711602,3480.161768
77,bat4,12/4/14 7:01,0.0188,0.000188,day roost,628,0.954119624,3434.830648
78,bat4,12/4/14 7:01,0.0188,0.000188,day roost,623,0.93849936,3378.597695
79,bat4,12/4/14 7:01,0.0188,0.000188,day roost,620,0.929191018,3345.087665
80,bat4,12/4/14 7:01,0.0188,0.000188,day roost,621,0.932288482,3356.238534
81,bat4,12/4/14 7:01,0.0188,0.000188,day roost,621,0.932288482,3356.238534
82,bat4,12/4/14 7:01,0.0188,0.000188,day roost,629,0.957259637,3446.134692
83,bat4,12/4/14 7:01,0.0188,0.000188,day roost,632,0.966711602,3480.161768
84,bat4,12/4/14 7:01,0.0188,0.000188,day roost,633,0.969872902,3491.542447
85,bat4,12/4/14 7:01,0.0188,0.000188,day roost,634,0.973039525,3502.94229
86,bat4,12/4/14 7:01,0.0188,0.000188,day roost,635,0.976211472,3514.361299
87,bat4,12/4/14 7:01,0.0188,0.000188,day roost,638,0.985759261,3548.733339
88,bat4,12/4/14 7:01,0.0188,0.000188,day roost,639,0.988952508,3560.22903
89,bat4,12/4/14 7:01,0.0188,0.000188,day roost,638,0.985759261,3548.733339
90,bat4,12/4/14 7:01,0.0188,0.000188,day roost,637,0.982571339,3537.256822
91,bat4,12/4/14 7:01,0.0188,0.000188,day roost,637,0.982571339,3537.256822
92,bat4,12/4/14 7:01,0.0188,0.000188,day roost,632,0.966711602,3480.161768
93,bat4,12/4/14 7:01,0.0188,0.000188,day roost,625,0.944731508,3401.03343
94,bat4,12/4/14 7:01,0.0188,0.000188,day roost,621,0.932288482,3356.238534
95,bat4,12/4/14 7:01,0.0188,0.000188,day roost,618,0.923012038,3322.843338
96,bat4,12/4/14 7:01,0.0188,0.000188,day roost,617,0.919930521,3311.749876
97,bat4,12/4/14 7:01,0.0188,0.000188,day roost,617,0.919930521,3311.749876
98,bat4,12/4/14 7:01,0.0188,0.000188,day roost,620,0.929191018,3345.087665
99,bat4,12/4/14 7:01,0.0188,0.000188,day roost,624,0.941612775,3389.80599
100,bat4,12/4/14 7:01,0.0188,0.000188,day roost,626,0.947855561,3412.280019
101,bat4,12/4/14 7:01,0.0188,0.000188,day roost,629,0.957259637,3446.134692
102,bat4,12/4/14 7:01,0.0188,0.000188,day roost,629,0.957259637,3446.134692
103,bat4,12/4/14 7:01,0.0188,0.000188,day roost,633,0.969872902,3491.542447
104,bat4,12/4/14 7:01,0.0188,0.000188,day roost,636,0.979388743,3525.799476
105,bat4,12/4/14 7:01,0.0188,0.000188,day roost,638,0.985759261,3548.733339
106,bat4,12/4/14 7:01,0.0188,0.000188,day roost,638,0.985759261,3548.733339
107,bat4,12/4/14 7:01,0.0188,0.000188,day roost,635,0.976211472,3514.361299
108,bat4,12/4/14 7:01,0.0188,0.000188,day roost,633,0.969872902,3491.542447
109,bat4,12/4/14 7:01,0.0188,0.000188,day roost,636,0.979388743,3525.799476
110,bat4,12/4/14 7:01,0.0188,0.000188,day roost,645,1.008223869,3629.60593
111,bat4,12/4/14 7:01,0.0188,0.000188,day roost,654,1.037490705,3734.966538
112,bat4,12/4/14 7:01,0.0188,0.000188,day roost,664,1.070516211,3853.858359
113,bat4,12/4/14 7:01,0.0188,0.000188,day roost,674,1.104075698,3974.672512
114,bat4,12/4/14 7:01,0.0188,0.000188,day roost,685,1.141608502,4109.790606
115,bat4,12/4/14 7:01,0.0188,0.000188,day roost,696,1.179788732,4247.239436
116,bat4,12/4/14 7:02,0.0188,0.000188,day roost,708,1.222179068,4399.844645
117,bat4,12/4/14 7:02,0.0188,0.000188,day roost,722,1.272610427,4581.397537
118,bat4,12/4/14 7:02,0.0188,0.000188,day roost,733,1.312973231,4726.703633
119,bat4,12/4/14 7:02,0.0188,0.000188,day roost,740,1.33899719,4820.389883
120,bat4,12/4/14 7:02,0.0188,0.000188,day roost,740,1.33899719,4820.389883
121,bat4,12/4/14 7:02,0.0188,0.000188,day roost,741,1.342736404,4833.851056
122,bat4,12/4/14 7:02,0.0188,0.000188,day roost,741,1.342736404,4833.851056
123,bat4,12/4/14 7:02,0.0188,0.000188,day roost,742,1.346480997,4847.33159
124,bat4,12/4/14 7:02,0.0188,0.000188,day roost,742,1.346480997,4847.33159
125,bat4,12/4/14 7:02,0.0188,0.000188,day roost,743,1.350230969,4860.831487
126,bat4,12/4/14 7:02,0.0188,0.000188,day roost,743,1.350230969,4860.831487
127,bat4,12/4/14 7:02,0.0188,0.000188,day roost,743,1.350230969,4860.831487
128,bat4,12/4/14 7:02,0.0188,0.000188,day roost,743,1.350230969,4860.831487
129,bat4,12/4/14 7:02,0.0188,0.000188,day roost,743,1.350230969,4860.831487
130,bat4,12/4/14 7:02,0.0188,0.000188,day roost,744,1.353986319,4874.350748
131,bat4,12/4/14 7:02,0.0188,0.000188,day roost,744,1.353986319,4874.350748
132,bat4,12/4/14 7:02,0.0188,0.000188,day roost,745,1.357747049,4887.889376
133,bat4,12/4/14 7:02,0.0188,0.000188,day roost,745,1.357747049,4887.889376
134,bat4,12/4/14 7:02,0.0188,0.000188,day roost,745,1.357747049,4887.889376
135,bat4,12/4/14 7:02,0.0188,0.000188,day roost,743,1.350230969,4860.831487
136,bat4,12/4/14 7:02,0.0188,0.000188,day roost,745,1.357747049,4887.889376
137,bat4,12/4/14 7:02,0.0188,0.000188,day roost,745,1.357747049,4887.889376
138,bat4,12/4/14 7:02,0.0188,0.000188,day roost,747,1.365284649,4915.024735
139,bat4,12/4/14 7:02,0.0188,0.000188,day roost,747,1.365284649,4915.024735
140,bat4,12/4/14 7:02,0.0188,0.000188,day roost,746,1.361513159,4901.447371
141,bat4,12/4/14 7:02,0.0188,0.000188,day roost,747,1.365284649,4915.024735
142,bat4,12/4/14 7:02,0.0188,0.000188,day roost,747,1.365284649,4915.024735
143,bat4,12/4/14 7:02,0.0188,0.000188,day roost,749,1.372843772,4942.237579
144,bat4,12/4/14 7:02,0.0188,0.000188,day roost,749,1.372843772,4942.237579
145,bat4,12/4/14 7:02,0.0188,0.000188,day roost,749,1.372843772,4942.237579
146,bat4,12/4/14 7:02,0.0188,0.000188,day roost,749,1.372843772,4942.237579
147,bat4,12/4/14 7:03,0.0188,0.000188,day roost,748,1.36906152,4928.62147
148,bat4,12/4/14 7:03,0.0188,0.000188,day roost,746,1.361513159,4901.447371
149,bat4,12/4/14 7:03,0.0188,0.000188,day roost,748,1.36906152,4928.62147
150,bat4,12/4/14 7:03,0.0188,0.000188,day roost,747,1.365284649,4915.024735
151,bat4,12/4/14 7:03,0.0188,0.000188,day roost,748,1.36906152,4928.62147
152,bat4,12/4/14 7:03,0.0188,0.000188,day roost,748,1.36906152,4928.62147
153,bat4,12/4/14 7:03,0.0188,0.000188,day roost,748,1.36906152,4928.62147
154,bat4,12/4/14 7:03,0.0188,0.000188,day roost,747,1.365284649,4915.024735
155,bat4,12/4/14 7:03,0.0188,0.000188,day roost,747,1.365284649,4915.024735
156,bat4,12/4/14 7:03,0.0188,0.000188,day roost,746,1.361513159,4901.447371
157,bat4,12/4/14 7:03,0.0188,0.000188,day roost,739,1.335263352,4806.948069
158,bat4,12/4/14 7:03,0.0188,0.000188,day roost,732,1.309277024,4713.397286
159,bat4,12/4/14 7:03,0.0188,0.000188,day roost,722,1.272610427,4581.397537
160,bat4,12/4/14 7:03,0.0188,0.000188,day roost,713,1.24006955,4464.250379
161,bat4,12/4/14 7:03,0.0188,0.000188,day roost,702,1.200887435,4323.194766
162,bat4,12/4/14 7:03,0.0188,0.000188,day roost,691,1.162353779,4184.473606
163,bat4,12/4/14 7:03,0.0188,0.000188,day roost,683,1.13473622,4085.050391
164,bat4,12/4/14 7:03,0.0188,0.000188,day roost,674,1.104075698,3974.672512
165,bat4,12/4/14 7:04,0.0188,0.000188,day roost,664,1.070516211,3853.858359
166,bat4,12/4/14 7:04,0.0188,0.000188,day roost,655,1.040769241,3746.769269
167,bat4,12/4/14 7:04,0.0188,0.000188,day roost,653,1.034217503,3723.183012
168,bat4,12/4/14 7:04,0.0188,0.000188,day roost,653,1.034217503,3723.183012
169,bat4,12/4/14 7:04,0.0188,0.000188,day roost,655,1.040769241,3746.769269
170,bat4,12/4/14 7:04,0.0188,0.000188,day roost,658,1.050636863,3782.292707
171,bat4,12/4/14 7:04,0.0188,0.000188,day roost,661,1.060552515,3817.989053
172,bat4,12/4/14 7:04,0.0188,0.000188,day roost,660,1.05724196,3806.071056
173,bat4,12/4/14 7:04,0.0188,0.000188,day roost,656,1.044053113,3758.591206
174,bat4,12/4/14 7:04,0.0188,0.000188,day roost,654,1.037490705,3734.966538
175,bat4,12/4/14 7:04,0.0188,0.000188,day roost,653,1.034217503,3723.183012
176,bat4,12/4/14 7:04,0.0188,0.000188,day roost,652,1.030949636,3711.418688
177,bat4,12/4/14 7:04,0.0188,0.000188,day roost,648,1.017931494,3664.553379
178,bat4,12/4/14 7:04,0.0188,0.000188,day roost,643,1.001778769,3606.403569
179,bat4,12/4/14 7:04,0.0188,0.000188,day roost,637,0.982571339,3537.256822
180,bat4,12/4/14 7:04,0.0188,0.000188,day roost,630,0.96040497,3457.457892
181,bat4,12/4/14 7:04,0.0188,0.000188,day roost,624,0.941612775,3389.80599
182,bat4,12/4/14 7:04,0.0188,0.000188,day roost,623,0.93849936,3378.597695
183,bat4,12/4/14 7:04,0.0188,0.000188,day roost,624,0.941612775,3389.80599
184,bat4,12/4/14 7:04,0.0188,0.000188,day roost,623,0.93849936,3378.597695
185,bat4,12/4/14 7:04,0.0188,0.000188,day roost,623,0.93849936,3378.597695
186,bat4,12/4/14 7:04,0.0188,0.000188,day roost,626,0.947855561,3412.280019
187,bat4,12/4/14 7:04,0.0188,0.000188,day roost,631,0.963555625,3468.80025
188,bat4,12/4/14 7:04,0.0188,0.000188,day roost,637,0.982571339,3537.256822
189,bat4,12/4/14 7:04,0.0188,0.000188,day roost,642,0.998564212,3594.831164
190,bat4,12/4/14 7:04,0.0188,0.000188,day roost,650,1.0244299,3687.94764
191,bat4,12/4/14 7:04,0.0188,0.000188,day roost,655,1.040769241,3746.769269
192,bat4,12/4/14 7:04,0.0188,0.000188,day roost,657,1.04734232,3770.432352
193,bat4,12/4/14 7:04,0.0188,0.000188,day roost,658,1.050636863,3782.292707
194,bat4,12/4/14 7:04,0.0188,0.000188,day roost,659,1.053936743,3794.172275
195,bat4,12/4/14 7:04,0.0188,0.000188,day roost,660,1.05724196,3806.071056
196,bat4,12/4/14 7:04,0.0188,0.000188,day roost,653,1.034217503,3723.183012
197,bat4,12/4/14 7:04,0.0188,0.000188,day roost,645,1.008223869,3629.60593
198,bat4,12/4/14 7:04,0.0188,0.000188,day roost,633,0.969872902,3491.542447
199,bat4,12/4/14 7:04,0.0188,0.000188,day roost,623,0.93849936,3378.597695
200,bat4,12/4/14 7:04,0.0188,0.000188,day roost,614,0.910717854,3278.584274
201,bat4,12/4/14 7:04,0.0188,0.000188,day roost,602,0.874345177,3147.642637
202,bat4,12/4/14 7:04,0.0188,0.000188,day roost,594,0.850521259,3061.876531
203,bat4,12/4/14 7:04,0.0188,0.000188,day roost,584,0.821218442,2956.38639
204,bat4,12/4/14 7:04,0.0188,0.000188,day roost,577,0.801021584,2883.677701
205,bat4,12/4/14 7:04,0.0188,0.000188,day roost,569,0.778256926,2801.724934
206,bat4,12/4/14 7:04,0.0188,0.000188,day roost,568,0.775435139,2791.566502
207,bat4,12/4/14 7:04,0.0188,0.000188,day roost,567,0.772618639,2781.427099
208,bat4,12/4/14 7:04,0.0188,0.000188,day roost,569,0.778256926,2801.724934
209,bat4,12/4/14 7:04,0.0188,0.000188,day roost,569,0.778256926,2801.724934
210,bat4,12/4/14 7:04,0.0188,0.000188,day roost,568,0.775435139,2791.566502
211,bat4,12/4/14 7:05,0.0188,0.000188,day roost,567,0.772618639,2781.427099
212,bat4,12/4/14 7:05,0.0188,0.000188,day roost,564,0.764200846,2751.123045
213,bat4,12/4/14 7:05,0.0188,0.000188,day roost,563,0.761405482,2741.059737
214,bat4,12/4/14 7:05,0.0188,0.000188,day roost,563,0.761405482,2741.059737
215,bat4,12/4/14 7:05,0.0188,0.000188,day roost,562,0.758615402,2731.015448
216,bat4,12/4/14 7:05,0.0188,0.000188,day roost,560,0.753051087,2710.983915
217,bat4,12/4/14 7:05,0.0188,0.000188,day roost,558,0.747507897,2691.028429
218,bat4,12/4/14 7:05,0.0188,0.000188,day roost,556,0.741985826,2671.148972
219,bat4,12/4/14 7:05,0.0188,0.000188,day roost,557,0.744744222,2681.079198
220,bat4,12/4/14 7:05,0.0188,0.000188,day roost,561,0.755830604,2720.990174
221,bat4,12/4/14 7:05,0.0188,0.000188,day roost,570,0.781083999,2811.902397
222,bat4,12/4/14 7:05,0.0188,0.000188,day roost,577,0.801021584,2883.677701
223,bat4,12/4/14 7:05,0.0188,0.000188,day roost,583,0.818317295,2945.942261
224,bat4,12/4/14 7:05,0.0188,0.000188,day roost,587,0.829953658,2987.833168
225,bat4,12/4/14 7:05,0.0188,0.000188,day roost,594,0.850521259,3061.876531
226,bat4,12/4/14 7:05,0.0188,0.000188,day roost,599,0.865371429,3115.337144
227,bat4,12/4/14 7:05,0.0188,0.000188,day roost,606,0.886384459,3190.984054
228,bat4,12/4/14 7:05,0.0188,0.000188,day roost,615,0.91378343,3289.620346
229,bat4,12/4/14 7:05,0.0188,0.000188,day roost,620,0.929191018,3345.087665
230,bat4,12/4/14 7:05,0.0188,0.000188,day roost,617,0.919930521,3311.749876
231,bat4,12/4/14 7:05,0.0188,0.000188,day roost,611,0.901553001,3245.590804
232,bat4,12/4/14 7:05,0.0188,0.000188,day roost,603,0.877347037,3158.449334
233,bat4,12/4/14 7:05,0.0188,0.000188,day roost,596,0.856445419,3083.203508
234,bat4,12/4/14 7:05,0.0188,0.000188,day roost,591,0.841674776,3030.029195
235,bat4,12/4/14 7:05,0.0188,0.000188,day roost,584,0.821218442,2956.38639
236,bat4,12/4/14 7:05,0.0188,0.000188,day roost,578,0.803890971,2894.007494
237,bat4,12/4/14 7:05,0.0188,0.000188,day roost,570,0.781083999,2811.902397
238,bat4,12/4/14 7:05,0.0188,0.000188,day roost,563,0.761405482,2741.059737
239,bat4,12/4/14 7:05,0.0188,0.000188,day roost,557,0.744744222,2681.079198
240,bat4,12/4/14 7:05,0.0188,0.000188,day roost,553,0.733742306,2641.472302
241,bat4,12/4/14 7:05,0.0188,0.000188,day roost,552,0.731005021,2631.618074
242,bat4,12/4/14 7:05,0.0188,0.000188,day roost,552,0.731005021,2631.618074
243,bat4,12/4/14 7:05,0.0188,0.000188,day roost,553,0.733742306,2641.472302
244,bat4,12/4/14 7:05,0.0188,0.000188,day roost,548,0.720108633,2592.391079
245,bat4,12/4/14 7:05,0.0188,0.000188,day roost,543,0.7066068,2543.784479
246,bat4,12/4/14 7:05,0.0188,0.000188,day roost,542,0.703922247,2534.120089
247,bat4,12/4/14 7:05,0.0188,0.000188,day roost,544,0.709296623,2553.467843
248,bat4,12/4/14 7:05,0.0188,0.000188,day roost,543,0.7066068,2543.784479
249,bat4,12/4/14 7:05,0.0188,0.000188,day roost,543,0.7066068,2543.784479
250,bat4,12/4/14 7:05,0.0188,0.000188,day roost,547,0.717397722,2582.631798
251,bat4,12/4/14 7:05,0.0188,0.000188,day roost,558,0.747507897,2691.028429
252,bat4,12/4/14 7:05,0.0188,0.000188,day roost,569,0.778256926,2801.724934
253,bat4,12/4/14 7:05,0.0188,0.000188,day roost,580,0.80964562,2914.724233
254,bat4,12/4/14 7:05,0.0188,0.000188,day roost,594,0.850521259,3061.876531
255,bat4,12/4/14 7:05,0.0188,0.000188,day roost,607,0.889407549,3201.867177
256,bat4,12/4/14 7:05,0.0188,0.000188,day roost,612,0.90460264,3256.569505
257,bat4,12/4/14 7:05,0.0188,0.000188,day roost,615,0.91378343,3289.620346
258,bat4,12/4/14 7:05,0.0188,0.000188,day roost,612,0.90460264,3256.569505
259,bat4,12/4/14 7:05,0.0188,0.000188,day roost,607,0.889407549,3201.867177
260,bat4,12/4/14 7:05,0.0188,0.000188,day roost,600,0.868357373,3126.086544
261,bat4,12/4/14 7:05,0.0188,0.000188,day roost,581,0.812530885,2925.111184
262,bat4,12/4/14 7:05,0.0188,0.000188,day roost,562,0.758615402,2731.015448
263,bat4,12/4/14 7:05,0.0188,0.000188,day roost,543,0.7066068,2543.784479
264,bat4,12/4/14 7:05,0.0188,0.000188,day roost,530,0.672118478,2419.626519
265,bat4,12/4/14 7:05,0.0188,0.000188,day roost,522,0.651337005,2344.813219
266,bat4,12/4/14 7:06,0.0188,0.000188,day roost,518,0.641072457,2307.860844
267,bat4,12/4/14 7:06,0.0188,0.000188,day roost,512,0.625833251,2252.999703
268,bat4,12/4/14 7:06,0.0188,0.000188,day roost,507,0.613278303,2207.801891
269,bat4,12/4/14 7:06,0.0188,0.000188,day roost,498,0.591009902,2127.635646
270,bat4,12/4/14 7:06,0.0188,0.000188,day roost,492,0.576400172,2075.040618
271,bat4,12/4/14 7:06,0.0188,0.000188,day roost,494,0.581249127,2092.496858
272,bat4,12/4/14 7:06,0.0188,0.000188,day roost,492,0.576400172,2075.040618
273,bat4,12/4/14 7:06,0.0188,0.000188,day roost,497,0.588561848,2118.822654
274,bat4,12/4/14 7:06,0.0188,0.000188,day roost,495,0.583681462,2101.253263
275,bat4,12/4/14 7:06,0.0188,0.000188,day roost,486,0.561978965,2023.124275
276,bat4,12/4/14 7:06,0.0188,0.000188,day roost,472,0.529061783,1904.62242
277,bat4,12/4/14 7:06,0.0188,0.000188,day roost,464,0.510711684,1838.562064
278,bat4,12/4/14 7:06,0.0188,0.000188,day roost,463,0.508441406,1830.38906
279,bat4,12/4/14 7:06,0.0188,0.000188,day roost,466,0.515267893,1854.964416
280,bat4,12/4/14 7:06,0.0188,0.000188,day roost,466,0.515267893,1854.964416
281,bat4,12/4/14 7:06,0.0188,0.000188,day roost,464,0.510711684,1838.562064
282,bat4,12/4/14 7:06,0.0188,0.000188,day roost,468,0.519844976,1871.441912
283,bat4,12/4/14 7:06,0.0188,0.000188,day roost,465,0.51298718,1846.753849
284,bat4,12/4/14 7:06,0.0188,0.000188,day roost,463,0.508441406,1830.38906
285,bat4,12/4/14 7:06,0.0188,0.000188,day roost,466,0.515267893,1854.964416
286,bat4,12/4/14 7:06,0.0188,0.000188,day roost,470,0.524442937,1887.994573
287,bat4,12/4/14 7:06,0.0188,0.000188,day roost,473,0.53137904,1912.964544
288,bat4,12/4/14 7:06,0.0188,0.000188,day roost,472,0.529061783,1904.62242
289,bat4,12/4/14 7:06,0.0188,0.000188,day roost,470,0.524442937,1887.994573
290,bat4,12/4/14 7:06,0.0188,0.000188,day roost,470,0.524442937,1887.994573
291,bat4,12/4/14 7:06,0.0188,0.000188,day roost,470,0.524442937,1887.994573
292,bat4,12/4/14 7:06,0.0188,0.000188,day roost,470,0.524442937,1887.994573
293,bat4,12/4/14 7:06,0.0188,0.000188,day roost,470,0.524442937,1887.994573
294,bat4,12/4/14 7:06,0.0188,0.000188,day roost,467,0.517553825,1863.19377
295,bat4,12/4/14 7:06,0.0188,0.000188,day roost,462,0.506176343,1822.234835
296,bat4,12/4/14 7:06,0.0188,0.000188,day roost,461,0.503916496,1814.099384
297,bat4,12/4/14 7:06,0.0188,0.000188,day roost,460,0.501661863,1805.982707
298,bat4,12/4/14 7:06,0.0188,0.000188,day roost,461,0.503916496,1814.099384
299,bat4,12/4/14 7:06,0.0188,0.000188,day roost,466,0.515267893,1854.964416
300,bat4,12/4/14 7:06,0.0188,0.000188,day roost,470,0.524442937,1887.994573
301,bat4,12/4/14 7:06,0.0188,0.000188,day roost,479,0.545392297,1963.412268
302,bat4,12/4/14 7:06,0.0188,0.000188,day roost,485,0.559593749,2014.537496
303,bat4,12/4/14 7:06,0.0188,0.000188,day roost,486,0.561978965,2023.124275
304,bat4,12/4/14 7:06,0.0188,0.000188,day roost,486,0.561978965,2023.124275
305,bat4,12/4/14 7:06,0.0188,0.000188,day roost,483,0.554839011,1997.420441
306,bat4,12/4/14 7:06,0.0188,0.000188,day roost,479,0.545392297,1963.412268
307,bat4,12/4/14 7:06,0.0188,0.000188,day roost,475,0.536029224,1929.705208
308,bat4,12/4/14 7:06,0.0188,0.000188,day roost,474,0.53370152,1921.325473
309,bat4,12/4/14 7:06,0.0188,0.000188,day roost,468,0.519844976,1871.441912
310,bat4,12/4/14 7:06,0.0188,0.000188,day roost,462,0.506176343,1822.234835
311,bat4,12/4/14 7:06,0.0188,0.000188,day roost,454,0.488243534,1757.676722
312,bat4,12/4/14 7:06,0.0188,0.000188,day roost,444,0.46629633,1678.666789
313,bat4,12/4/14 7:06,0.0188,0.000188,day roost,439,0.455517849,1639.864255
314,bat4,12/4/14 7:06,0.0188,0.000188,day roost,440,0.457663146,1647.587324
315,bat4,12/4/14 7:06,0.0188,0.000188,day roost,446,0.470644131,1694.318872
316,bat4,12/4/14 7:06,0.0188,0.000188,day roost,454,0.488243534,1757.676722
317,bat4,12/4/14 7:06,0.0188,0.000188,day roost,463,0.508441406,1830.38906
318,bat4,12/4/14 7:06,0.0188,0.000188,day roost,459,0.499412444,1797.8848
319,bat4,12/4/14 7:06,0.0188,0.000188,day roost,466,0.515267893,1854.964416
320,bat4,12/4/14 7:06,0.0188,0.000188,day roost,472,0.529061783,1904.62242
321,bat4,12/4/14 7:07,0.0188,0.000188,day roost,478,0.543043689,1954.95728
322,bat4,12/4/14 7:07,0.0188,0.000188,day roost,484,0.557213765,2005.969553
323,bat4,12/4/14 7:07,0.0188,0.000188,day roost,491,0.573983549,2066.340778
324,bat4,12/4/14 7:07,0.0188,0.000188,day roost,497,0.588561848,2118.822654
325,bat4,12/4/14 7:07,0.0188,0.000188,day roost,503,0.603328795,2171.983662
326,bat4,12/4/14 7:07,0.0188,0.000188,day roost,503,0.603328795,2171.983662
327,bat4,12/4/14 7:07,0.0188,0.000188,day roost,501,0.59838551,2154.187835
328,bat4,12/4/14 7:07,0.0188,0.000188,day roost,506,0.610783057,2198.819006
329,bat4,12/4/14 7:07,0.0188,0.000188,day roost,501,0.59838551,2154.187835
330,bat4,12/4/14 7:07,0.0188,0.000188,day roost,502,0.600854531,2163.07631
331,bat4,12/4/14 7:07,0.0188,0.000188,day roost,502,0.600854531,2163.07631
332,bat4,12/4/14 7:07,0.0188,0.000188,day roost,502,0.600854531,2163.07631
333,bat4,12/4/14 7:07,0.0188,0.000188,day roost,505,0.608293058,2189.855008
334,bat4,12/4/14 7:07,0.0188,0.000188,day roost,503,0.603328795,2171.983662
335,bat4,12/4/14 7:07,0.0188,0.000188,day roost,499,0.593463196,2136.467505
336,bat4,12/4/14 7:07,0.0188,0.000188,day roost,500,0.595921732,2145.318234
337,bat4,12/4/14 7:07,0.0188,0.000188,day roost,505,0.608293058,2189.855008
338,bat4,12/4/14 7:07,0.0188,0.000188,day roost,506,0.610783057,2198.819006
339,bat4,12/4/14 7:07,0.0188,0.000188,day roost,508,0.615778796,2216.803666
340,bat4,12/4/14 7:07,0.0188,0.000188,day roost,505,0.608293058,2189.855008
341,bat4,12/4/14 7:07,0.0188,0.000188,day roost,502,0.600854531,2163.07631
342,bat4,12/4/14 7:07,0.0188,0.000188,day roost,500,0.595921732,2145.318234
343,bat4,12/4/14 7:07,0.0188,0.000188,day roost,501,0.59838551,2154.187835
344,bat4,12/4/14 7:07,0.0188,0.000188,day roost,503,0.603328795,2171.983662
345,bat4,12/4/14 7:07,0.0188,0.000188,day roost,506,0.610783057,2198.819006
346,bat4,12/4/14 7:07,0.0188,0.000188,day roost,506,0.610783057,2198.819006
347,bat4,12/4/14 7:07,0.0188,0.000188,day roost,502,0.600854531,2163.07631
348,bat4,12/4/14 7:07,0.0188,0.000188,day roost,500,0.595921732,2145.318234
349,bat4,12/4/14 7:07,0.0188,0.000188,day roost,500,0.595921732,2145.318234
350,bat4,12/4/14 7:07,0.0188,0.000188,day roost,499,0.593463196,2136.467505
351,bat4,12/4/14 7:07,0.0188,0.000188,day roost,499,0.593463196,2136.467505
352,bat4,12/4/14 7:07,0.0188,0.000188,day roost,497,0.588561848,2118.822654
353,bat4,12/4/14 7:07,0.0188,0.000188,day roost,491,0.573983549,2066.340778
354,bat4,12/4/14 7:07,0.0188,0.000188,day roost,487,0.564369414,2031.729891
355,bat4,12/4/14 7:07,0.0188,0.000188,day roost,477,0.540700308,1946.521109
356,bat4,12/4/14 7:07,0.0188,0.000188,day roost,488,0.566765096,2040.354346
357,bat4,12/4/14 7:07,0.0188,0.000188,day roost,503,0.603328795,2171.983662
358,bat4,12/4/14 7:07,0.0188,0.000188,day roost,517,0.638519457,2298.670046
359,bat4,12/4/14 7:07,0.0188,0.000188,day roost,534,0.682635485,2457.487745
360,bat4,12/4/14 7:07,0.0188,0.000188,day roost,551,0.728273011,2621.78284
361,bat4,12/4/14 7:07,0.0188,0.000188,day roost,568,0.775435139,2791.566502
362,bat4,12/4/14 7:07,0.0188,0.000188,day roost,584,0.821218442,2956.38639
363,bat4,12/4/14 7:07,0.0188,0.000188,day roost,599,0.865371429,3115.337144
364,bat4,12/4/14 7:07,0.0188,0.000188,day roost,613,0.907657591,3267.567328
365,bat4,12/4/14 7:07,0.0188,0.000188,day roost,627,0.950984933,3423.545758
366,bat4,12/4/14 7:07,0.0188,0.000188,day roost,617,0.919930521,3311.749876
367,bat4,12/4/14 7:07,0.0188,0.000188,day roost,607,0.889407549,3201.867177
368,bat4,12/4/14 7:07,0.0188,0.000188,day roost,599,0.865371429,3115.337144
369,bat4,12/4/14 7:07,0.0188,0.000188,day roost,589,0.83580362,3008.893033
370,bat4,12/4/14 7:07,0.0188,0.000188,day roost,578,0.803890971,2894.007494
371,bat4,12/4/14 7:07,0.0188,0.000188,day roost,564,0.764200846,2751.123045
372,bat4,12/4/14 7:07,0.0188,0.000188,day roost,544,0.709296623,2553.467843
373,bat4,12/4/14 7:07,0.0188,0.000188,day roost,529,0.669502383,2410.208578
374,bat4,12/4/14 7:07,0.0188,0.000188,day roost,510,0.620795525,2234.863891
375,bat4,12/4/14 7:07,0.0188,0.000188,day roost,497,0.588561848,2118.822654
376,bat4,12/4/14 7:07,0.0188,0.000188,day roost,490,0.571572163,2057.659787
377,bat4,12/4/14 7:08,0.0188,0.000188,day roost,480,0.547746132,1971.886075
378,bat4,12/4/14 7:08,0.0188,0.000188,day roost,470,0.524442937,1887.994573
379,bat4,12/4/14 7:08,0.0188,0.000188,day roost,460,0.501661863,1805.982707
380,bat4,12/4/14 7:08,0.0188,0.000188,day roost,452,0.483812441,1741.724789
381,bat4,12/4/14 7:08,0.0188,0.000188,day roost,453,0.486025383,1749.69138
382,bat4,12/4/14 7:08,0.0188,0.000188,day roost,463,0.508441406,1830.38906
383,bat4,12/4/14 7:08,0.0188,0.000188,day roost,469,0.522141346,1879.708846
384,bat4,12/4/14 7:08,0.0188,0.000188,day roost,474,0.53370152,1921.325473
385,bat4,12/4/14 7:08,0.0188,0.000188,day roost,483,0.554839011,1997.420441
386,bat4,12/4/14 7:08,0.0188,0.000188,day roost,491,0.573983549,2066.340778
387,bat4,12/4/14 7:08,0.0188,0.000188,day roost,499,0.593463196,2136.467505
388,bat4,12/4/14 7:08,0.0188,0.000188,day roost,511,0.623311763,2243.922348
389,bat4,12/4/14 7:08,0.0188,0.000188,day roost,519,0.643630711,2317.070559
390,bat4,12/4/14 7:08,0.0188,0.000188,day roost,522,0.651337005,2344.813219
391,bat4,12/4/14 7:08,0.0188,0.000188,day roost,513,0.628359989,2262.095959
392,bat4,12/4/14 7:08,0.0188,0.000188,day roost,507,0.613278303,2207.801891
393,bat4,12/4/14 7:08,0.0188,0.000188,day roost,504,0.605808304,2180.909894
394,bat4,12/4/14 7:08,0.0188,0.000188,day roost,507,0.613278303,2207.801891
395,bat4,12/4/14 7:08,0.0188,0.000188,day roost,503,0.603328795,2171.983662
396,bat4,12/4/14 7:08,0.0188,0.000188,day roost,493,0.578822031,2083.759311
397,bat4,12/4/14 7:08,0.0188,0.000188,day roost,486,0.561978965,2023.124275
398,bat4,12/4/14 7:08,0.0188,0.000188,day roost,474,0.53370152,1921.325473
399,bat4,12/4/14 7:08,0.0188,0.000188,day roost,466,0.515267893,1854.964416
400,bat4,12/4/14 7:08,0.0188,0.000188,day roost,466,0.515267893,1854.964416
401,bat4,12/4/14 7:08,0.0188,0.000188,day roost,471,0.526749749,1896.299097
402,bat4,12/4/14 7:08,0.0188,0.000188,day roost,466,0.515267893,1854.964416
403,bat4,12/4/14 7:08,0.0188,0.000188,day roost,461,0.503916496,1814.099384
404,bat4,12/4/14 7:08,0.0188,0.000188,day roost,456,0.492695464,1773.703672
405,bat4,12/4/14 7:08,0.0188,0.000188,day roost,452,0.483812441,1741.724789
406,bat4,12/4/14 7:08,0.0188,0.000188,day roost,455,0.490466894,1765.680819
407,bat4,12/4/14 7:08,0.0188,0.000188,day roost,454,0.488243534,1757.676722
408,bat4,12/4/14 7:08,0.0188,0.000188,day roost,455,0.490466894,1765.680819
409,bat4,12/4/14 7:08,0.0188,0.000188,day roost,456,0.492695464,1773.703672
410,bat4,12/4/14 7:08,0.0188,0.000188,day roost,449,0.47720486,1717.937498
411,bat4,12/4/14 7:08,0.0188,0.000188,day roost,447,0.472825836,1702.173011
412,bat4,12/4/14 7:08,0.0188,0.000188,day roost,447,0.472825836,1702.173011
413,bat4,12/4/14 7:08,0.0188,0.000188,day roost,451,0.481604707,1733.776947
414,bat4,12/4/14 7:08,0.0188,0.000188,day roost,451,0.481604707,1733.776947
415,bat4,12/4/14 7:08,0.0188,0.000188,day roost,452,0.483812441,1741.724789
416,bat4,12/4/14 7:08,0.0188,0.000188,day roost,451,0.481604707,1733.776947
417,bat4,12/4/14 7:08,0.0188,0.000188,day roost,452,0.483812441,1741.724789
418,bat4,12/4/14 7:08,0.0188,0.000188,day roost,455,0.490466894,1765.680819
419,bat4,12/4/14 7:08,0.0188,0.000188,day roost,458,0.497168239,1789.80566
420,bat4,12/4/14 7:08,0.0188,0.000188,day roost,464,0.510711684,1838.562064
421,bat4,12/4/14 7:08,0.0188,0.000188,day roost,464,0.510711684,1838.562064
422,bat4,12/4/14 7:08,0.0188,0.000188,day roost,466,0.515267893,1854.964416
423,bat4,12/4/14 7:08,0.0188,0.000188,day roost,460,0.501661863,1805.982707
424,bat4,12/4/14 7:08,0.0188,0.000188,day roost,463,0.508441406,1830.38906
425,bat4,12/4/14 7:08,0.0188,0.000188,day roost,464,0.510711684,1838.562064
426,bat4,12/4/14 7:08,0.0188,0.000188,day roost,464,0.510711684,1838.562064
427,bat4,12/4/14 7:08,0.0188,0.000188,day roost,464,0.510711684,1838.562064
428,bat4,12/4/14 7:08,0.0188,0.000188,day roost,463,0.508441406,1830.38906
429,bat4,12/4/14 7:08,0.0188,0.000188,day roost,461,0.503916496,1814.099384
430,bat4,12/4/14 7:08,0.0188,0.000188,day roost,455,0.490466894,1765.680819
431,bat4,12/4/14 7:09,0.0188,0.000188,day roost,449,0.47720486,1717.937498
432,bat4,12/4/14 7:09,0.0188,0.000188,day roost,445,0.468467629,1686.483466
433,bat4,12/4/14 7:09,0.0188,0.000188,day roost,446,0.470644131,1694.318872
434,bat4,12/4/14 7:09,0.0188,0.000188,day roost,445,0.468467629,1686.483466
435,bat4,12/4/14 7:09,0.0188,0.000188,day roost,443,0.464130233,1670.868839
436,bat4,12/4/14 7:09,0.0188,0.000188,day roost,446,0.470644131,1694.318872
437,bat4,12/4/14 7:09,0.0188,0.000188,day roost,449,0.47720486,1717.937498
438,bat4,12/4/14 7:09,0.0188,0.000188,day roost,447,0.472825836,1702.173011
439,bat4,12/4/14 7:09,0.0188,0.000188,day roost,447,0.472825836,1702.173011
440,bat4,12/4/14 7:09,0.0188,0.000188,day roost,455,0.490466894,1765.680819
441,bat4,12/4/14 7:09,0.0188,0.000188,day roost,462,0.506176343,1822.234835
442,bat4,12/4/14 7:09,0.0188,0.000188,day roost,467,0.517553825,1863.19377
443,bat4,12/4/14 7:09,0.0188,0.000188,day roost,467,0.517553825,1863.19377
444,bat4,12/4/14 7:09,0.0188,0.000188,day roost,467,0.517553825,1863.19377
445,bat4,12/4/14 7:09,0.0188,0.000188,day roost,467,0.517553825,1863.19377
446,bat4,12/4/14 7:09,0.0188,0.000188,day roost,468,0.519844976,1871.441912
447,bat4,12/4/14 7:09,0.0188,0.000188,day roost,461,0.503916496,1814.099384
448,bat4,12/4/14 7:09,0.0188,0.000188,day roost,464,0.510711684,1838.562064
449,bat4,12/4/14 7:09,0.0188,0.000188,day roost,469,0.522141346,1879.708846
450,bat4,12/4/14 7:09,0.0188,0.000188,day roost,466,0.515267893,1854.964416
451,bat4,12/4/14 7:09,0.0188,0.000188,day roost,468,0.519844976,1871.441912
452,bat4,12/4/14 7:09,0.0188,0.000188,day roost,465,0.51298718,1846.753849
453,bat4,12/4/14 7:09,0.0188,0.000188,day roost,472,0.529061783,1904.62242
454,bat4,12/4/14 7:09,0.0188,0.000188,day roost,476,0.538362153,1938.103752
455,bat4,12/4/14 7:09,0.0188,0.000188,day roost,480,0.547746132,1971.886075
456,bat4,12/4/14 7:09,0.0188,0.000188,day roost,475,0.536029224,1929.705208
457,bat4,12/4/14 7:09,0.0188,0.000188,day roost,474,0.53370152,1921.325473
458,bat4,12/4/14 7:09,0.0188,0.000188,day roost,469,0.522141346,1879.708846
459,bat4,12/4/14 7:09,0.0188,0.000188,day roost,464,0.510711684,1838.562064
460,bat4,12/4/14 7:09,0.0188,0.000188,day roost,460,0.501661863,1805.982707
461,bat4,12/4/14 7:09,0.0188,0.000188,day roost,460,0.501661863,1805.982707
462,bat4,12/4/14 7:09,0.0188,0.000188,day roost,465,0.51298718,1846.753849
463,bat4,12/4/14 7:09,0.0188,0.000188,day roost,466,0.515267893,1854.964416
464,bat4,12/4/14 7:09,0.0188,0.000188,day roost,465,0.51298718,1846.753849
465,bat4,12/4/14 7:09,0.0188,0.000188,day roost,468,0.519844976,1871.441912
466,bat4,12/4/14 7:09,0.0188,0.000188,day roost,472,0.529061783,1904.62242
467,bat4,12/4/14 7:09,0.0188,0.000188,day roost,477,0.540700308,1946.521109
468,bat4,12/4/14 7:09,0.0188,0.000188,day roost,476,0.538362153,1938.103752
469,bat4,12/4/14 7:09,0.0188,0.000188,day roost,476,0.538362153,1938.103752
470,bat4,12/4/14 7:09,0.0188,0.000188,day roost,480,0.547746132,1971.886075
471,bat4,12/4/14 7:09,0.0188,0.000188,day roost,478,0.543043689,1954.95728
472,bat4,12/4/14 7:09,0.0188,0.000188,day roost,478,0.543043689,1954.95728
473,bat4,12/4/14 7:09,0.0188,0.000188,day roost,476,0.538362153,1938.103752
474,bat4,12/4/14 7:09,0.0188,0.000188,day roost,473,0.53137904,1912.964544
475,bat4,12/4/14 7:09,0.0188,0.000188,day roost,465,0.51298718,1846.753849
476,bat4,12/4/14 7:09,0.0188,0.000188,day roost,465,0.51298718,1846.753849
477,bat4,12/4/14 7:09,0.0188,0.000188,day roost,463,0.508441406,1830.38906
478,bat4,12/4/14 7:09,0.0188,0.000188,day roost,462,0.506176343,1822.234835
479,bat4,12/4/14 7:09,0.0188,0.000188,day roost,462,0.506176343,1822.234835
480,bat4,12/4/14 7:09,0.0188,0.000188,day roost,456,0.492695464,1773.703672
481,bat4,12/4/14 7:09,0.0188,0.000188,day roost,456,0.492695464,1773.703672
482,bat4,12/4/14 7:09,0.0188,0.000188,day roost,456,0.492695464,1773.703672
483,bat4,12/4/14 7:09,0.0188,0.000188,day roost,454,0.488243534,1757.676722
484,bat4,12/4/14 7:09,0.0188,0.000188,day roost,458,0.497168239,1789.80566
485,bat4,12/4/14 7:09,0.0188,0.000188,day roost,466,0.515267893,1854.964416
486,bat4,12/4/14 7:09,0.0188,0.000188,day roost,469,0.522141346,1879.708846
487,bat4,12/4/14 7:09,0.0188,0.000188,day roost,473,0.53137904,1912.964544
488,bat4,12/4/14 7:09,0.0188,0.000188,day roost,479,0.545392297,1963.412268
489,bat4,12/4/14 7:10,0.0188,0.000188,day roost,483,0.554839011,1997.420441
490,bat4,12/4/14 7:10,0.0188,0.000188,day roost,490,0.571572163,2057.659787
491,bat4,12/4/14 7:10,0.0188,0.000188,day roost,493,0.578822031,2083.759311
492,bat4,12/4/14 7:10,0.0188,0.000188,day roost,490,0.571572163,2057.659787
493,bat4,12/4/14 7:10,0.0188,0.000188,day roost,489,0.569166012,2048.997644
494,bat4,12/4/14 7:10,0.0188,0.000188,day roost,489,0.569166012,2048.997644
495,bat4,12/4/14 7:10,0.0188,0.000188,day roost,490,0.571572163,2057.659787
496,bat4,12/4/14 7:10,0.0188,0.000188,day roost,494,0.581249127,2092.496858
497,bat4,12/4/14 7:10,0.0188,0.000188,day roost,506,0.610783057,2198.819006
498,bat4,12/4/14 7:10,0.0188,0.000188,day roost,499,0.593463196,2136.467505
499,bat4,12/4/14 7:10,0.0188,0.000188,day roost,510,0.620795525,2234.863891
500,bat4,12/4/14 7:10,0.0188,0.000188,day roost,523,0.653916283,2354.098619
501,bat4,12/4/14 7:10,0.0188,0.000188,day roost,536,0.687925574,2476.532067
502,bat4,12/4/14 7:10,0.0188,0.000188,day roost,553,0.733742306,2641.472302
503,bat4,12/4/14 7:10,0.0188,0.000188,day roost,567,0.772618639,2781.427099
504,bat4,12/4/14 7:10,0.0188,0.000188,day roost,578,0.803890971,2894.007494
505,bat4,12/4/14 7:10,0.0188,0.000188,day roost,586,0.827036623,2977.331842
506,bat4,12/4/14 7:10,0.0188,0.000188,day roost,592,0.844618303,3040.625892
507,bat4,12/4/14 7:10,0.0188,0.000188,day roost,591,0.841674776,3030.029195
508,bat4,12/4/14 7:10,0.0188,0.000188,day roost,611,0.901553001,3245.590804
509,bat4,12/4/14 7:10,0.0188,0.000188,day roost,613,0.907657591,3267.567328
510,bat4,12/4/14 7:10,0.0188,0.000188,day roost,614,0.910717854,3278.584274
511,bat4,12/4/14 7:10,0.0188,0.000188,day roost,611,0.901553001,3245.590804
512,bat4,12/4/14 7:10,0.0188,0.000188,day roost,610,0.898508673,3234.631223
513,bat4,12/4/14 7:10,0.0188,0.000188,day roost,609,0.895469655,3223.690759
514,bat4,12/4/14 7:10,0.0188,0.000188,day roost,611,0.901553001,3245.590804
515,bat4,12/4/14 7:10,0.0188,0.000188,day roost,610,0.898508673,3234.631223
516,bat4,12/4/14 7:10,0.0188,0.000188,day roost,607,0.889407549,3201.867177
517,bat4,12/4/14 7:10,0.0188,0.000188,day roost,605,0.883366678,3180.120041
518,bat4,12/4/14 7:10,0.0188,0.000188,day roost,604,0.880354204,3169.275135
519,bat4,12/4/14 7:10,0.0188,0.000188,day roost,602,0.874345177,3147.642637
520,bat4,12/4/14 7:10,0.0188,0.000188,day roost,600,0.868357373,3126.086544
521,bat4,12/4/14 7:10,0.0188,0.000188,day roost,600,0.868357373,3126.086544
522,bat4,12/4/14 7:10,0.0188,0.000188,day roost,599,0.865371429,3115.337144
523,bat4,12/4/14 7:10,0.0188,0.000188,day roost,597,0.859415452,3093.895628
524,bat4,12/4/14 7:10,0.0188,0.000188,day roost,594,0.850521259,3061.876531
525,bat4,12/4/14 7:10,0.0188,0.000188,day roost,595,0.853480688,3072.530476
526,bat4,12/4/14 7:10,0.0188,0.000188,day roost,599,0.865371429,3115.337144
527,bat4,12/4/14 7:10,0.0188,0.000188,day roost,603,0.877347037,3158.449334
528,bat4,12/4/14 7:11,0.0188,0.000188,day roost,602,0.874345177,3147.642637
529,bat4,12/4/14 7:11,0.0188,0.000188,day roost,602,0.874345177,3147.642637
530,bat4,12/4/14 7:11,0.0188,0.000188,day roost,601,0.871348622,3136.855041
531,bat4,12/4/14 7:11,0.0188,0.000188,day roost,600,0.868357373,3126.086544
532,bat4,12/4/14 7:11,0.0188,0.000188,day roost,598,0.862390789,3104.60684
533,bat4,12/4/14 7:11,0.0188,0.000188,day roost,598,0.862390789,3104.60684
534,bat4,12/4/14 7:11,0.0188,0.000188,day roost,594,0.850521259,3061.876531
535,bat4,12/4/14 7:11,0.0188,0.000188,day roost,590,0.838736549,3019.451576
536,bat4,12/4/14 7:11,0.0188,0.000188,day roost,587,0.829953658,2987.833168
537,bat4,12/4/14 7:11,0.0188,0.000188,day roost,583,0.818317295,2945.942261
538,bat4,12/4/14 7:11,0.0188,0.000188,day roost,579,0.806765649,2904.356337
539,bat4,12/4/14 7:11,0.0188,0.000188,day roost,575,0.795298683,2863.075261
540,bat4,12/4/14 7:11,0.0188,0.000188,day roost,570,0.781083999,2811.902397
541,bat4,12/4/14 7:11,0.0188,0.000188,day roost,567,0.772618639,2781.427099
542,bat4,12/4/14 7:11,0.0188,0.000188,day roost,566,0.769807423,2771.306724
543,bat4,12/4/14 7:11,0.0188,0.000188,day roost,562,0.758615402,2731.015448
544,bat4,12/4/14 7:11,0.0188,0.000188,day roost,563,0.761405482,2741.059737
545,bat4,12/4/14 7:11,0.0188,0.000188,day roost,564,0.764200846,2751.123045
546,bat4,12/4/14 7:11,0.0188,0.000188,day roost,564,0.764200846,2751.123045
547,bat4,12/4/14 7:11,0.0188,0.000188,day roost,564,0.764200846,2751.123045
548,bat4,12/4/14 7:11,0.0188,0.000188,day roost,570,0.781083999,2811.902397
549,bat4,12/4/14 7:11,0.0188,0.000188,day roost,575,0.795298683,2863.075261
550,bat4,12/4/14 7:11,0.0188,0.000188,day roost,581,0.812530885,2925.111184
551,bat4,12/4/14 7:11,0.0188,0.000188,day roost,584,0.821218442,2956.38639
552,bat4,12/4/14 7:11,0.0188,0.000188,day roost,587,0.829953658,2987.833168
553,bat4,12/4/14 7:11,0.0188,0.000188,day roost,593,0.847567131,3051.24167
554,bat4,12/4/14 7:11,0.0188,0.000188,day roost,596,0.856445419,3083.203508
555,bat4,12/4/14 7:11,0.0188,0.000188,day roost,599,0.865371429,3115.337144
556,bat4,12/4/14 7:11,0.0188,0.000188,day roost,600,0.868357373,3126.086544
557,bat4,12/4/14 7:11,0.0188,0.000188,day roost,603,0.877347037,3158.449334
558,bat4,12/4/14 7:11,0.0188,0.000188,day roost,603,0.877347037,3158.449334
559,bat4,12/4/14 7:11,0.0188,0.000188,day roost,604,0.880354204,3169.275135
560,bat4,12/4/14 7:11,0.0188,0.000188,day roost,608,0.892435948,3212.769411
561,bat4,12/4/14 7:11,0.0188,0.000188,day roost,613,0.907657591,3267.567328
562,bat4,12/4/14 7:11,0.0188,0.000188,day roost,617,0.919930521,3311.749876
563,bat4,12/4/14 7:11,0.0188,0.000188,day roost,620,0.929191018,3345.087665
564,bat4,12/4/14 7:11,0.0188,0.000188,day roost,624,0.941612775,3389.80599
565,bat4,12/4/14 7:11,0.0188,0.000188,day roost,628,0.954119624,3434.830648
566,bat4,12/4/14 7:11,0.0188,0.000188,day roost,634,0.973039525,3502.94229
567,bat4,12/4/14 7:11,0.0188,0.000188,day roost,638,0.985759261,3548.733339
568,bat4,12/4/14 7:11,0.0188,0.000188,day roost,642,0.998564212,3594.831164
569,bat4,12/4/14 7:11,0.0188,0.000188,day roost,646,1.011454414,3641.23589
570,bat4,12/4/14 7:11,0.0188,0.000188,day roost,647,1.014690289,3652.885039
571,bat4,12/4/14 7:11,0.0188,0.000188,day roost,648,1.017931494,3664.553379
572,bat4,12/4/14 7:11,0.0188,0.000188,day roost,649,1.021178031,3676.240912
573,bat4,12/4/14 7:11,0.0188,0.000188,day roost,650,1.0244299,3687.94764
574,bat4,12/4/14 7:11,0.0188,0.000188,day roost,651,1.027687101,3699.673565
575,bat4,12/4/14 7:11,0.0188,0.000188,day roost,652,1.030949636,3711.418688
576,bat4,12/4/14 7:11,0.0188,0.000188,day roost,650,1.0244299,3687.94764
577,bat4,12/4/14 7:11,0.0188,0.000188,day roost,647,1.014690289,3652.885039
578,bat4,12/4/14 7:11,0.0188,0.000188,day roost,645,1.008223869,3629.60593
579,bat4,12/4/14 7:11,0.0188,0.000188,day roost,643,1.001778769,3606.403569
580,bat4,12/4/14 7:11,0.0188,0.000188,day roost,640,0.992151082,3571.743897
581,bat4,12/4/14 7:11,0.0188,0.000188,day roost,635,0.976211472,3514.361299
582,bat4,12/4/14 7:12,0.0188,0.000188,day roost,627,0.950984933,3423.545758
583,bat4,12/4/14 7:12,0.0188,0.000188,day roost,620,0.929191018,3345.087665
584,bat4,12/4/14 7:12,0.0188,0.000188,day roost,612,0.90460264,3256.569505
585,bat4,12/4/14 7:12,0.0188,0.000188,day roost,603,0.877347037,3158.449334
586,bat4,12/4/14 7:12,0.0188,0.000188,day roost,596,0.856445419,3083.203508
587,bat4,12/4/14 7:12,0.0188,0.000188,day roost,591,0.841674776,3030.029195
588,bat4,12/4/14 7:12,0.0188,0.000188,day roost,584,0.821218442,2956.38639
589,bat4,12/4/14 7:12,0.0188,0.000188,day roost,578,0.803890971,2894.007494
590,bat4,12/4/14 7:12,0.0188,0.000188,day roost,576,0.798157488,2873.366958
591,bat4,12/4/14 7:12,0.0188,0.000188,day roost,575,0.795298683,2863.075261
592,bat4,12/4/14 7:12,0.0188,0.000188,day roost,577,0.801021584,2883.677701
593,bat4,12/4/14 7:12,0.0188,0.000188,day roost,582,0.815421442,2935.517193
594,bat4,12/4/14 7:12,0.0188,0.000188,day roost,586,0.827036623,2977.331842
595,bat4,12/4/14 7:12,0.0188,0.000188,day roost,591,0.841674776,3030.029195
596,bat4,12/4/14 7:12,0.0188,0.000188,day roost,597,0.859415452,3093.895628
597,bat4,12/4/14 7:12,0.0188,0.000188,day roost,602,0.874345177,3147.642637
598,bat4,12/4/14 7:12,0.0188,0.000188,day roost,610,0.898508673,3234.631223
599,bat4,12/4/14 7:12,0.0188,0.000188,day roost,614,0.910717854,3278.584274
600,bat4,12/4/14 7:12,0.0188,0.000188,day roost,616,0.916854318,3300.675546
601,bat4,12/4/14 7:12,0.0188,0.000188,day roost,617,0.919930521,3311.749876
602,bat4,12/4/14 7:12,0.0188,0.000188,day roost,617,0.919930521,3311.749876
603,bat4,12/4/14 7:12,0.0188,0.000188,day roost,614,0.910717854,3278.584274
604,bat4,12/4/14 7:12,0.0188,0.000188,day roost,611,0.901553001,3245.590804
605,bat4,12/4/14 7:12,0.0188,0.000188,day roost,608,0.892435948,3212.769411
606,bat4,12/4/14 7:12,0.0188,0.000188,day roost,602,0.874345177,3147.642637
607,bat4,12/4/14 7:12,0.0188,0.000188,day roost,596,0.856445419,3083.203508
608,bat4,12/4/14 7:12,0.0188,0.000188,day roost,590,0.838736549,3019.451576
609,bat4,12/4/14 7:12,0.0188,0.000188,day roost,588,0.83287599,2998.353565
610,bat4,12/4/14 7:12,0.0188,0.000188,day roost,586,0.827036623,2977.331842
611,bat4,12/4/14 7:12,0.0188,0.000188,day roost,586,0.827036623,2977.331842
612,bat4,12/4/14 7:12,0.0188,0.000188,day roost,583,0.818317295,2945.942261
613,bat4,12/4/14 7:12,0.0188,0.000188,day roost,584,0.821218442,2956.38639
614,bat4,12/4/14 7:12,0.0188,0.000188,day roost,588,0.83287599,2998.353565
615,bat4,12/4/14 7:12,0.0188,0.000188,day roost,593,0.847567131,3051.24167
616,bat4,12/4/14 7:12,0.0188,0.000188,day roost,601,0.871348622,3136.855041
617,bat4,12/4/14 7:12,0.0188,0.000188,day roost,609,0.895469655,3223.690759
618,bat4,12/4/14 7:12,0.0188,0.000188,day roost,614,0.910717854,3278.584274
619,bat4,12/4/14 7:12,0.0188,0.000188,day roost,617,0.919930521,3311.749876
620,bat4,12/4/14 7:12,0.0188,0.000188,day roost,616,0.916854318,3300.675546
621,bat4,12/4/14 7:12,0.0188,0.000188,day roost,613,0.907657591,3267.567328
622,bat4,12/4/14 7:12,0.0188,0.000188,day roost,614,0.910717854,3278.584274
623,bat4,12/4/14 7:12,0.0188,0.000188,day roost,609,0.895469655,3223.690759
624,bat4,12/4/14 7:12,0.0188,0.000188,day roost,601,0.871348622,3136.855041
625,bat4,12/4/14 7:12,0.0188,0.000188,day roost,593,0.847567131,3051.24167
626,bat4,12/4/14 7:12,0.0188,0.000188,day roost,585,0.824124884,2966.849583
627,bat4,12/4/14 7:12,0.0188,0.000188,day roost,573,0.789596944,2842.548997
628,bat4,12/4/14 7:12,0.0188,0.000188,day roost,565,0.767001492,2761.205373
629,bat4,12/4/14 7:12,0.0188,0.000188,day roost,559,0.750276852,2700.996667
630,bat4,12/4/14 7:12,0.0188,0.000188,day roost,557,0.744744222,2681.079198
631,bat4,12/4/14 7:12,0.0188,0.000188,day roost,557,0.744744222,2681.079198
632,bat4,12/4/14 7:12,0.0188,0.000188,day roost,558,0.747507897,2691.028429
633,bat4,12/4/14 7:12,0.0188,0.000188,day roost,560,0.753051087,2710.983915
634,bat4,12/4/14 7:12,0.0188,0.000188,day roost,562,0.758615402,2731.015448
635,bat4,12/4/14 7:12,0.0188,0.000188,day roost,559,0.750276852,2700.996667
636,bat4,12/4/14 7:12,0.0188,0.000188,day roost,556,0.741985826,2671.148972
637,bat4,12/4/14 7:12,0.0188,0.000188,day roost,557,0.744744222,2681.079198
638,bat4,12/4/14 7:12,0.0188,0.000188,day roost,555,0.739232708,2661.237749
639,bat4,12/4/14 7:13,0.0188,0.000188,day roost,554,0.736484868,2651.345526
640,bat4,12/4/14 7:13,0.0188,0.000188,day roost,553,0.733742306,2641.472302
641,bat4,12/4/14 7:13,0.0188,0.000188,day roost,552,0.731005021,2631.618074
642,bat4,12/4/14 7:13,0.0188,0.000188,day roost,554,0.736484868,2651.345526
643,bat4,12/4/14 7:13,0.0188,0.000188,day roost,556,0.741985826,2671.148972
644,bat4,12/4/14 7:13,0.0188,0.000188,day roost,560,0.753051087,2710.983915
645,bat4,12/4/14 7:13,0.0188,0.000188,day roost,566,0.769807423,2771.306724
646,bat4,12/4/14 7:13,0.0188,0.000188,day roost,575,0.795298683,2863.075261
647,bat4,12/4/14 7:13,0.0188,0.000188,day roost,580,0.80964562,2914.724233
648,bat4,12/4/14 7:13,0.0188,0.000188,day roost,590,0.838736549,3019.451576
649,bat4,12/4/14 7:13,0.0188,0.000188,day roost,599,0.865371429,3115.337144
650,bat4,12/4/14 7:13,0.0188,0.000188,day roost,606,0.886384459,3190.984054
651,bat4,12/4/14 7:13,0.0188,0.000188,day roost,613,0.907657591,3267.567328
652,bat4,12/4/14 7:13,0.0188,0.000188,day roost,618,0.923012038,3322.843338
653,bat4,12/4/14 7:13,0.0188,0.000188,day roost,625,0.944731508,3401.03343
654,bat4,12/4/14 7:13,0.0188,0.000188,day roost,630,0.96040497,3457.457892
655,bat4,12/4/14 7:13,0.0188,0.000188,day roost,636,0.979388743,3525.799476
656,bat4,12/4/14 7:13,0.0188,0.000188,day roost,640,0.992151082,3571.743897
657,bat4,12/4/14 7:13,0.0188,0.000188,day roost,647,1.014690289,3652.885039
658,bat4,12/4/14 7:13,0.0188,0.000188,day roost,646,1.011454414,3641.23589
659,bat4,12/4/14 7:13,0.0188,0.000188,day roost,643,1.001778769,3606.403569
660,bat4,12/4/14 7:13,0.0188,0.000188,day roost,639,0.988952508,3560.22903
661,bat4,12/4/14 7:13,0.0188,0.000188,day roost,640,0.992151082,3571.743897
662,bat4,12/4/14 7:13,0.0188,0.000188,day roost,637,0.982571339,3537.256822
663,bat4,12/4/14 7:13,0.0188,0.000188,day roost,635,0.976211472,3514.361299
664,bat4,12/4/14 7:13,0.0188,0.000188,day roost,633,0.969872902,3491.542447
665,bat4,12/4/14 7:13,0.0188,0.000188,day roost,632,0.966711602,3480.161768
666,bat4,12/4/14 7:13,0.0188,0.000188,day roost,629,0.957259637,3446.134692
667,bat4,12/4/14 7:13,0.0188,0.000188,day roost,623,0.93849936,3378.597695
668,bat4,12/4/14 7:13,0.0188,0.000188,day roost,618,0.923012038,3322.843338
669,bat4,12/4/14 7:13,0.0188,0.000188,day roost,616,0.916854318,3300.675546
670,bat4,12/4/14 7:13,0.0188,0.000188,day roost,611,0.901553001,3245.590804
671,bat4,12/4/14 7:14,0.0188,0.000188,day roost,612,0.90460264,3256.569505
672,bat4,12/4/14 7:14,0.0188,0.000188,day roost,615,0.91378343,3289.620346
673,bat4,12/4/14 7:14,0.0188,0.000188,day roost,617,0.919930521,3311.749876
674,bat4,12/4/14 7:14,0.0188,0.000188,day roost,622,0.935391262,3367.408543
675,bat4,12/4/14 7:14,0.0188,0.000188,day roost,624,0.941612775,3389.80599
676,bat4,12/4/14 7:14,0.0188,0.000188,day roost,627,0.950984933,3423.545758
677,bat4,12/4/14 7:14,0.0188,0.000188,day roost,636,0.979388743,3525.799476
678,bat4,12/4/14 7:14,0.0188,0.000188,day roost,647,1.014690289,3652.885039
679,bat4,12/4/14 7:14,0.0188,0.000188,day roost,656,1.044053113,3758.591206
680,bat4,12/4/14 7:14,0.0188,0.000188,day roost,667,1.080527965,3889.900674
681,bat4,12/4/14 7:14,0.0188,0.000188,day roost,670,1.090587792,3926.116051
682,bat4,12/4/14 7:14,0.0188,0.000188,day roost,670,1.090587792,3926.116051
683,bat4,12/4/14 7:14,0.0188,0.000188,day roost,666,1.077185373,3877.867342
684,bat4,12/4/14 7:14,0.0188,0.000188,day roost,660,1.05724196,3806.071056
685,bat4,12/4/14 7:14,0.0188,0.000188,day roost,653,1.034217503,3723.183012
686,bat4,12/4/14 7:14,0.0188,0.000188,day roost,647,1.014690289,3652.885039
687,bat4,12/4/14 7:14,0.0188,0.000188,day roost,654,1.037490705,3734.966538
688,bat4,12/4/14 7:14,0.0188,0.000188,day roost,661,1.060552515,3817.989053
689,bat4,12/4/14 7:14,0.0188,0.000188,day roost,669,1.087229174,3914.025026
690,bat4,12/4/14 7:14,0.0188,0.000188,day roost,678,1.117649124,4023.536847
691,bat4,12/4/14 7:14,0.0188,0.000188,day roost,684,1.138169686,4097.410868
692,bat4,12/4/14 7:14,0.0188,0.000188,day roost,694,1.172798686,4222.07527
693,bat4,12/4/14 7:14,0.0188,0.000188,day roost,707,1.21861706,4387.021416
694,bat4,12/4/14 7:14,0.0188,0.000188,day roost,721,1.268973305,4568.303896
695,bat4,12/4/14 7:14,0.0188,0.000188,day roost,735,1.32038177,4753.374371
696,bat4,12/4/14 7:14,0.0188,0.000188,day roost,750,1.376631406,4955.873061
697,bat4,12/4/14 7:14,0.0188,0.000188,day roost,751,1.380424422,4969.52792
698,bat4,12/4/14 7:14,0.0188,0.000188,day roost,751,1.380424422,4969.52792
699,bat4,12/4/14 7:14,0.0188,0.000188,day roost,751,1.380424422,4969.52792
700,bat4,12/4/14 7:14,0.0188,0.000188,day roost,750,1.376631406,4955.873061
701,bat4,12/4/14 7:14,0.0188,0.000188,day roost,750,1.376631406,4955.873061
702,bat4,12/4/14 7:14,0.0188,0.000188,day roost,749,1.372843772,4942.237579
703,bat4,12/4/14 7:14,0.0188,0.000188,day roost,748,1.36906152,4928.62147
704,bat4,12/4/14 7:15,0.0188,0.000188,day roost,749,1.372843772,4942.237579
705,bat4,12/4/14 7:15,0.0188,0.000188,day roost,751,1.380424422,4969.52792
706,bat4,12/4/14 7:15,0.0188,0.000188,day roost,751,1.380424422,4969.52792
707,bat4,12/4/14 7:15,0.0188,0.000188,day roost,751,1.380424422,4969.52792
708,bat4,12/4/14 7:15,0.0188,0.000188,day roost,750,1.376631406,4955.873061
709,bat4,12/4/14 7:15,0.0188,0.000188,day roost,750,1.376631406,4955.873061
710,bat4,12/4/14 7:15,0.0188,0.000188,day roost,751,1.380424422,4969.52792
711,bat4,12/4/14 7:15,0.0188,0.000188,day roost,752,1.384222821,4983.202157
712,bat4,12/4/14 7:15,0.0188,0.000188,day roost,753,1.388026604,4996.895773
713,bat4,12/4/14 7:15,0.0188,0.000188,day roost,754,1.39183577,5010.60877
714,bat4,12/4/14 7:15,0.0188,0.000188,day roost,753,1.388026604,4996.895773
715,bat4,12/4/14 7:15,0.0188,0.000188,day roost,751,1.380424422,4969.52792
716,bat4,12/4/14 7:15,0.0188,0.000188,day roost,751,1.380424422,4969.52792
717,bat4,12/4/14 7:15,0.0188,0.000188,day roost,751,1.380424422,4969.52792
718,bat4,12/4/14 7:15,0.0188,0.000188,day roost,752,1.384222821,4983.202157
719,bat4,12/4/14 7:15,0.0188,0.000188,day roost,752,1.384222821,4983.202157
720,bat4,12/4/14 7:15,0.0188,0.000188,day roost,752,1.384222821,4983.202157
721,bat4,12/4/14 7:15,0.0188,0.000188,day roost,752,1.384222821,4983.202157
722,bat4,12/4/14 7:15,0.0188,0.000188,day roost,752,1.384222821,4983.202157
723,bat4,12/4/14 7:15,0.0188,0.000188,day roost,752,1.384222821,4983.202157
724,bat4,12/4/14 7:15,0.0188,0.000188,day roost,753,1.388026604,4996.895773
725,bat4,12/4/14 7:15,0.0188,0.000188,day roost,754,1.39183577,5010.60877
726,bat4,12/4/14 7:15,0.0188,0.000188,day roost,753,1.388026604,4996.895773
727,bat4,12/4/14 7:15,0.0188,0.000188,day roost,753,1.388026604,4996.895773
728,bat4,12/4/14 7:15,0.0188,0.000188,day roost,753,1.388026604,4996.895773
729,bat4,12/4/14 7:15,0.0188,0.000188,day roost,753,1.388026604,4996.895773
730,bat4,12/4/14 7:15,0.0188,0.000188,day roost,753,1.388026604,4996.895773
731,bat4,12/4/14 7:15,0.0188,0.000188,day roost,753,1.388026604,4996.895773
732,bat4,12/4/14 7:15,0.0188,0.000188,day roost,753,1.388026604,4996.895773
733,bat4,12/4/14 7:15,0.0188,0.000188,day roost,753,1.388026604,4996.895773
734,bat4,12/4/14 7:15,0.0188,0.000188,day roost,754,1.39183577,5010.60877
735,bat4,12/4/14 7:15,0.0188,0.000188,day roost,752,1.384222821,4983.202157
736,bat4,12/4/14 7:15,0.0188,0.000188,day roost,754,1.39183577,5010.60877
737,bat4,12/4/14 7:15,0.0188,0.000188,day roost,754,1.39183577,5010.60877
738,bat4,12/4/14 7:15,0.0188,0.000188,day roost,754,1.39183577,5010.60877
739,bat4,12/4/14 7:15,0.0188,0.000188,day roost,753,1.388026604,4996.895773
740,bat4,12/4/14 7:15,0.0188,0.000188,day roost,753,1.388026604,4996.895773
741,bat4,12/4/14 7:15,0.0188,0.000188,day roost,753,1.388026604,4996.895773
742,bat4,12/4/14 7:15,0.0188,0.000188,day roost,753,1.388026604,4996.895773
743,bat4,12/4/14 7:15,0.0188,0.000188,day roost,753,1.388026604,4996.895773
744,bat4,12/4/14 7:15,0.0188,0.000188,day roost,753,1.388026604,4996.895773
745,bat4,12/4/14 7:15,0.0188,0.000188,day roost,754,1.39183577,5010.60877
746,bat4,12/4/14 7:15,0.0188,0.000188,day roost,754,1.39183577,5010.60877
747,bat4,12/4/14 7:15,0.0188,0.000188,day roost,754,1.39183577,5010.60877
748,bat4,12/4/14 7:15,0.0188,0.000188,day roost,754,1.39183577,5010.60877
749,bat4,12/4/14 7:15,0.0188,0.000188,day roost,754,1.39183577,5010.60877
750,bat4,12/4/14 7:15,0.0188,0.000188,day roost,754,1.39183577,5010.60877
751,bat4,12/4/14 7:15,0.0188,0.000188,day roost,753,1.388026604,4996.895773
752,bat4,12/4/14 7:15,0.0188,0.000188,day roost,753,1.388026604,4996.895773
753,bat4,12/4/14 7:15,0.0188,0.000188,day roost,752,1.384222821,4983.202157
754,bat4,12/4/14 7:15,0.0188,0.000188,day roost,751,1.380424422,4969.52792
755,bat4,12/4/14 7:15,0.0188,0.000188,day roost,750,1.376631406,4955.873061
756,bat4,12/4/14 7:15,0.0188,0.000188,day roost,749,1.372843772,4942.237579
757,bat4,12/4/14 7:15,0.0188,0.000188,day roost,749,1.372843772,4942.237579
758,bat4,12/4/14 7:15,0.0188,0.000188,day roost,749,1.372843772,4942.237579
759,bat4,12/4/14 7:16,0.0188,0.000188,day roost,750,1.376631406,4955.873061
760,bat4,12/4/14 7:16,0.0188,0.000188,day roost,750,1.376631406,4955.873061
761,bat4,12/4/14 7:16,0.0188,0.000188,day roost,751,1.380424422,4969.52792
762,bat4,12/4/14 7:16,0.0188,0.000188,day roost,751,1.380424422,4969.52792
763,bat4,12/4/14 7:16,0.0188,0.000188,day roost,752,1.384222821,4983.202157
764,bat4,12/4/14 7:16,0.0188,0.000188,day roost,753,1.388026604,4996.895773
765,bat4,12/4/14 7:16,0.0188,0.000188,day roost,754,1.39183577,5010.60877
766,bat4,12/4/14 7:16,0.0188,0.000188,day roost,755,1.39565032,5024.341151
767,bat4,12/4/14 7:16,0.0188,0.000188,day roost,755,1.39565032,5024.341151
768,bat4,12/4/14 7:16,0.0188,0.000188,day roost,755,1.39565032,5024.341151
769,bat4,12/4/14 7:16,0.0188,0.000188,day roost,755,1.39565032,5024.341151
770,bat4,12/4/14 7:16,0.0188,0.000188,day roost,755,1.39565032,5024.341151
771,bat4,12/4/14 7:16,0.0188,0.000188,day roost,754,1.39183577,5010.60877
772,bat4,12/4/14 7:16,0.0188,0.000188,day roost,754,1.39183577,5010.60877
773,bat4,12/4/14 7:16,0.0188,0.000188,day roost,754,1.39183577,5010.60877
774,bat4,12/4/14 7:16,0.0188,0.000188,day roost,754,1.39183577,5010.60877
775,bat4,12/4/14 7:16,0.0188,0.000188,day roost,754,1.39183577,5010.60877
776,bat4,12/4/14 7:16,0.0188,0.000188,day roost,753,1.388026604,4996.895773
777,bat4,12/4/14 7:16,0.0188,0.000188,day roost,752,1.384222821,4983.202157
778,bat4,12/4/14 7:16,0.0188,0.000188,day roost,744,1.353986319,4874.350748
779,bat4,12/4/14 7:16,0.0188,0.000188,day roost,731,1.30558619,4700.110284
780,bat4,12/4/14 7:16,0.0188,0.000188,day roost,724,1.279900779,4607.642805
781,bat4,12/4/14 7:16,0.0188,0.000188,day roost,716,1.25086821,4503.125556
782,bat4,12/4/14 7:16,0.0188,0.000188,day roost,705,1.211509129,4361.432863
783,bat4,12/4/14 7:16,0.0188,0.000188,day roost,694,1.172798686,4222.07527
784,bat4,12/4/14 7:16,0.0188,0.000188,day roost,686,1.145052668,4122.189607
785,bat4,12/4/14 7:17,0.0188,0.000188,day roost,684,1.138169686,4097.410868
786,bat4,12/4/14 7:17,0.0188,0.000188,day roost,683,1.13473622,4085.050391
787,bat4,12/4/14 7:17,0.0188,0.000188,day roost,670,1.090587792,3926.116051
788,bat4,12/4/14 7:17,0.0188,0.000188,day roost,665,1.073848122,3865.853238
789,bat4,12/4/14 7:17,0.0188,0.000188,day roost,666,1.077185373,3877.867342
790,bat4,12/4/14 7:17,0.0188,0.000188,day roost,663,1.06718964,3841.882703
791,bat4,12/4/14 7:17,0.0188,0.000188,day roost,661,1.060552515,3817.989053
792,bat4,12/4/14 7:17,0.0188,0.000188,day roost,671,1.093951753,3938.226309
793,bat4,12/4/14 7:17,0.0188,0.000188,day roost,683,1.13473622,4085.050391
794,bat4,12/4/14 7:17,0.0188,0.000188,day roost,690,1.158882852,4171.978267
795,bat4,12/4/14 7:17,0.0188,0.000188,day roost,692,1.165830061,4196.988218
796,bat4,12/4/14 7:17,0.0188,0.000188,day roost,694,1.172798686,4222.07527
797,bat4,12/4/14 7:17,0.0188,0.000188,day roost,708,1.222179068,4399.844645
798,bat4,12/4/14 7:17,0.0188,0.000188,day roost,720,1.265341551,4555.229582
799,bat4,12/4/14 7:17,0.0188,0.000188,day roost,732,1.309277024,4713.397286
800,bat4,12/4/14 7:17,0.0188,0.000188,day roost,742,1.346480997,4847.33159
801,bat4,12/4/14 7:17,0.0188,0.000188,day roost,754,1.39183577,5010.60877
802,bat4,12/4/14 7:17,0.0188,0.000188,day roost,753,1.388026604,4996.895773
803,bat4,12/4/14 7:17,0.0188,0.000188,day roost,753,1.388026604,4996.895773
804,bat4,12/4/14 7:17,0.0188,0.000188,day roost,753,1.388026604,4996.895773
805,bat4,12/4/14 7:17,0.0188,0.000188,day roost,753,1.388026604,4996.895773
806,bat4,12/4/14 7:17,0.0188,0.000188,day roost,753,1.388026604,4996.895773
807,bat4,12/4/14 7:17,0.0188,0.000188,day roost,753,1.388026604,4996.895773
808,bat4,12/4/14 7:17,0.0188,0.000188,day roost,754,1.39183577,5010.60877
809,bat4,12/4/14 7:17,0.0188,0.000188,day roost,754,1.39183577,5010.60877
810,bat4,12/4/14 7:17,0.0188,0.000188,day roost,754,1.39183577,5010.60877
811,bat4,12/4/14 7:17,0.0188,0.000188,day roost,754,1.39183577,5010.60877
812,bat4,12/4/14 7:17,0.0188,0.000188,day roost,755,1.39565032,5024.341151
813,bat4,12/4/14 7:17,0.0188,0.000188,day roost,755,1.39565032,5024.341151
814,bat4,12/4/14 7:17,0.0188,0.000188,day roost,755,1.39565032,5024.341151
815,bat4,12/4/14 7:17,0.0188,0.000188,day roost,755,1.39565032,5024.341151
816,bat4,12/4/14 7:17,0.0188,0.000188,day roost,755,1.39565032,5024.341151
817,bat4,12/4/14 7:17,0.0188,0.000188,day roost,755,1.39565032,5024.341151
818,bat4,12/4/14 7:17,0.0188,0.000188,day roost,755,1.39565032,5024.341151
819,bat4,12/4/14 7:17,0.0188,0.000188,day roost,755,1.39565032,5024.341151
820,bat4,12/4/14 7:18,0.0188,0.000188,day roost,721,1.268973305,4568.303896
821,bat4,12/4/14 7:18,0.0188,0.000188,day roost,687,1.148502186,4134.607871
822,bat4,12/4/14 7:18,0.0188,0.000188,day roost,655,1.040769241,3746.769269
823,bat4,12/4/14 7:18,0.0188,0.000188,day roost,627,0.950984933,3423.545758
824,bat4,12/4/14 7:18,0.0188,0.000188,day roost,596,0.856445419,3083.203508
825,bat4,12/4/14 7:18,0.0188,0.000188,day roost,572,0.786754007,2832.314427
826,bat4,12/4/14 7:18,0.0188,0.000188,day roost,538,0.693236728,2495.652219
827,bat4,12/4/14 7:18,0.0188,0.000188,day roost,512,0.625833251,2252.999703
828,bat4,12/4/14 7:19,0.0188,0.000188,day roost,478,0.543043689,1954.95728
829,bat4,12/4/14 7:19,0.0188,0.000188,day roost,445,0.468467629,1686.483466
830,bat4,12/4/14 7:19,0.0188,0.000188,day roost,445,0.468467629,1686.483466
831,bat4,12/4/14 7:19,0.0188,0.000188,day roost,447,0.472825836,1702.173011
832,bat4,12/4/14 7:19,0.0188,0.000188,day roost,443,0.464130233,1670.868839
833,bat4,12/4/14 7:19,0.0188,0.000188,day roost,437,0.451242848,1624.474253
834,bat4,12/4/14 7:19,0.0188,0.000188,day roost,433,0.4427552,1593.918719
835,bat4,12/4/14 7:19,0.0188,0.000188,day roost,422,0.419842477,1511.432917
836,bat4,12/4/14 7:19,0.0188,0.000188,day roost,421,0.417790627,1504.046256
837,bat4,12/4/14 7:19,0.0188,0.000188,day roost,413,0.401562381,1445.624573
838,bat4,12/4/14 7:19,0.0188,0.000188,day roost,413,0.401562381,1445.624573
839,bat4,12/4/14 7:19,0.0188,0.000188,day roost,412,0.399557158,1438.405769
840,bat4,12/4/14 7:19,0.0188,0.000188,day roost,411,0.397557111,1431.205601
841,bat4,12/4/14 7:19,0.0188,0.000188,day roost,410,0.395562241,1424.024067
842,bat4,12/4/14 7:19,0.0188,0.000188,day roost,410,0.395562241,1424.024067
843,bat4,12/4/14 7:19,0.0188,0.000188,day roost,410,0.395562241,1424.024067
844,bat4,12/4/14 7:19,0.0188,0.000188,day roost,410,0.395562241,1424.024067
845,bat4,12/4/14 7:19,0.0188,0.000188,day roost,410,0.395562241,1424.024067
846,bat4,12/4/14 7:19,0.0188,0.000188,day roost,410,0.395562241,1424.024067
847,bat4,12/4/14 7:19,0.0188,0.000188,day roost,410,0.395562241,1424.024067
848,bat4,12/4/14 7:19,0.0188,0.000188,day roost,410,0.395562241,1424.024067
849,bat4,12/4/14 7:19,0.0188,0.000188,day roost,409,0.393572545,1416.861163
850,bat4,12/4/14 7:19,0.0188,0.000188,day roost,409,0.393572545,1416.861163
851,bat4,12/4/14 7:19,0.0188,0.000188,day roost,410,0.395562241,1424.024067
852,bat4,12/4/14 7:19,0.0188,0.000188,day roost,410,0.395562241,1424.024067
853,bat4,12/4/14 7:19,0.0188,0.000188,day roost,410,0.395562241,1424.024067
854,bat4,12/4/14 7:19,0.0188,0.000188,day roost,410,0.395562241,1424.024067
855,bat4,12/4/14 7:19,0.0188,0.000188,day roost,411,0.397557111,1431.205601
856,bat4,12/4/14 7:19,0.0188,0.000188,day roost,412,0.399557158,1438.405769
857,bat4,12/4/14 7:19,0.0188,0.000188,day roost,413,0.401562381,1445.624573
858,bat4,12/4/14 7:19,0.0188,0.000188,day roost,413,0.401562381,1445.624573
859,bat4,12/4/14 7:19,0.0188,0.000188,day roost,414,0.403572782,1452.862015
860,bat4,12/4/14 7:19,0.0188,0.000188,day roost,414,0.403572782,1452.862015
861,bat4,12/4/14 7:19,0.0188,0.000188,day roost,414,0.403572782,1452.862015
862,bat4,12/4/14 7:19,0.0188,0.000188,day roost,416,0.40760912,1467.39283
863,bat4,12/4/14 7:19,0.0188,0.000188,day roost,424,0.423961732,1526.262237
864,bat4,12/4/14 7:19,0.0188,0.000188,day roost,427,0.430179516,1548.646256
865,bat4,12/4/14 7:19,0.0188,0.000188,day roost,428,0.432262486,1556.144951
866,bat4,12/4/14 7:19,0.0188,0.000188,day roost,428,0.432262486,1556.144951
867,bat4,12/4/14 7:19,0.0188,0.000188,day roost,430,0.436443998,1571.198391
868,bat4,12/4/14 7:19,0.0188,0.000188,day roost,429,0.434350647,1563.662329
869,bat4,12/4/14 7:19,0.0188,0.000188,day roost,429,0.434350647,1563.662329
870,bat4,12/4/14 7:20,0.0188,0.000188,day roost,429,0.434350647,1563.662329
871,bat4,12/4/14 7:20,0.0188,0.000188,day roost,428,0.432262486,1556.144951
872,bat4,12/4/14 7:20,0.0188,0.000188,day roost,425,0.426029139,1533.704902
873,bat4,12/4/14 7:20,0.0188,0.000188,day roost,417,0.409635058,1474.686208
874,bat4,12/4/14 7:20,0.0188,0.000188,day roost,414,0.403572782,1452.862015
875,bat4,12/4/14 7:20,0.0188,0.000188,day roost,413,0.401562381,1445.624573
876,bat4,12/4/14 7:20,0.0188,0.000188,day roost,411,0.397557111,1431.205601
877,bat4,12/4/14 7:20,0.0188,0.000188,day roost,408,0.391588024,1409.716886
878,bat4,12/4/14 7:20,0.0188,0.000188,day roost,408,0.391588024,1409.716886
879,bat4,12/4/14 7:20,0.0188,0.000188,day roost,408,0.391588024,1409.716886
880,bat4,12/4/14 7:20,0.0188,0.000188,day roost,407,0.389608676,1402.591233
881,bat4,12/4/14 7:20,0.0188,0.000188,day roost,407,0.389608676,1402.591233
882,bat4,12/4/14 7:20,0.0188,0.000188,day roost,407,0.389608676,1402.591233
883,bat4,12/4/14 7:20,0.0188,0.000188,day roost,407,0.389608676,1402.591233
884,bat4,12/4/14 7:20,0.0188,0.000188,day roost,407,0.389608676,1402.591233
885,bat4,12/4/14 7:20,0.0188,0.000188,day roost,407,0.389608676,1402.591233
886,bat4,12/4/14 7:20,0.0188,0.000188,day roost,407,0.389608676,1402.591233
887,bat4,12/4/14 7:20,0.0188,0.000188,day roost,407,0.389608676,1402.591233
888,bat4,12/4/14 7:20,0.0188,0.000188,day roost,407,0.389608676,1402.591233
889,bat4,12/4/14 7:20,0.0188,0.000188,day roost,407,0.389608676,1402.591233
890,bat4,12/4/14 7:20,0.0188,0.000188,day roost,407,0.389608676,1402.591233
891,bat4,12/4/14 7:20,0.0188,0.000188,day roost,407,0.389608676,1402.591233
892,bat4,12/4/14 7:20,0.0188,0.000188,day roost,407,0.389608676,1402.591233
893,bat4,12/4/14 7:20,0.0188,0.000188,day roost,407,0.389608676,1402.591233
894,bat4,12/4/14 7:20,0.0188,0.000188,day roost,407,0.389608676,1402.591233
895,bat4,12/4/14 7:20,0.0188,0.000188,day roost,407,0.389608676,1402.591233
896,bat4,12/4/14 7:20,0.0188,0.000188,day roost,407,0.389608676,1402.591233
897,bat4,12/4/14 7:20,0.0188,0.000188,day roost,407,0.389608676,1402.591233
898,bat4,12/4/14 7:20,0.0188,0.000188,day roost,407,0.389608676,1402.591233
899,bat4,12/4/14 7:20,0.0188,0.000188,day roost,407,0.389608676,1402.591233
900,bat4,12/4/14 7:20,0.0188,0.000188,day roost,407,0.389608676,1402.591233
901,bat4,12/4/14 7:20,0.0188,0.000188,day roost,407,0.389608676,1402.591233
902,bat4,12/4/14 7:20,0.0188,0.000188,day roost,407,0.389608676,1402.591233
903,bat4,12/4/14 7:20,0.0188,0.000188,day roost,407,0.389608676,1402.591233
904,bat4,12/4/14 7:20,0.0188,0.000188,day roost,407,0.389608676,1402.591233
905,bat4,12/4/14 7:20,0.0188,0.000188,day roost,407,0.389608676,1402.591233
906,bat4,12/4/14 7:20,0.0188,0.000188,day roost,407,0.389608676,1402.591233
907,bat4,12/4/14 7:20,0.0188,0.000188,day roost,407,0.389608676,1402.591233
908,bat4,12/4/14 7:20,0.0188,0.000188,day roost,408,0.391588024,1409.716886
909,bat4,12/4/14 7:20,0.0188,0.000188,day roost,411,0.397557111,1431.205601
910,bat4,12/4/14 7:20,0.0188,0.000188,day roost,417,0.409635058,1474.686208
911,bat4,12/4/14 7:20,0.0188,0.000188,day roost,434,0.44486932,1601.529551
912,bat4,12/4/14 7:20,0.0188,0.000188,day roost,448,0.475012746,1710.045886
913,bat4,12/4/14 7:20,0.0188,0.000188,day roost,460,0.501661863,1805.982707
914,bat4,12/4/14 7:20,0.0188,0.000188,day roost,465,0.51298718,1846.753849
915,bat4,12/4/14 7:20,0.0188,0.000188,day roost,471,0.526749749,1896.299097
916,bat4,12/4/14 7:20,0.0188,0.000188,day roost,472,0.529061783,1904.62242
917,bat4,12/4/14 7:21,0.0188,0.000188,day roost,476,0.538362153,1938.103752
918,bat4,12/4/14 7:21,0.0188,0.000188,day roost,482,0.552469489,1988.890159
919,bat4,12/4/14 7:21,0.0188,0.000188,day roost,485,0.559593749,2014.537496
920,bat4,12/4/14 7:21,0.0188,0.000188,day roost,480,0.547746132,1971.886075
921,bat4,12/4/14 7:21,0.0188,0.000188,day roost,464,0.510711684,1838.562064
922,bat4,12/4/14 7:21,0.0188,0.000188,day roost,454,0.488243534,1757.676722
923,bat4,12/4/14 7:21,0.0188,0.000188,day roost,448,0.475012746,1710.045886
924,bat4,12/4/14 7:21,0.0188,0.000188,day roost,452,0.483812441,1741.724789
925,bat4,12/4/14 7:21,0.0188,0.000188,day roost,457,0.494929246,1781.745285
926,bat4,12/4/14 7:21,0.0188,0.000188,day roost,466,0.515267893,1854.964416
927,bat4,12/4/14 7:21,0.0188,0.000188,day roost,465,0.51298718,1846.753849
928,bat4,12/4/14 7:21,0.0188,0.000188,day roost,458,0.497168239,1789.80566
929,bat4,12/4/14 7:21,0.0188,0.000188,day roost,452,0.483812441,1741.724789
930,bat4,12/4/14 7:21,0.0188,0.000188,day roost,452,0.483812441,1741.724789
931,bat4,12/4/14 7:21,0.0188,0.000188,day roost,451,0.481604707,1733.776947
932,bat4,12/4/14 7:21,0.0188,0.000188,day roost,446,0.470644131,1694.318872
933,bat4,12/4/14 7:21,0.0188,0.000188,day roost,440,0.457663146,1647.587324
934,bat4,12/4/14 7:21,0.0188,0.000188,day roost,431,0.438542539,1578.753142
935,bat4,12/4/14 7:21,0.0188,0.000188,day roost,421,0.417790627,1504.046256
936,bat4,12/4/14 7:21,0.0188,0.000188,day roost,411,0.397557111,1431.205601
937,bat4,12/4/14 7:21,0.0188,0.000188,day roost,408,0.391588024,1409.716886
938,bat4,12/4/14 7:21,0.0188,0.000188,day roost,410,0.395562241,1424.024067
939,bat4,12/4/14 7:21,0.0188,0.000188,day roost,410,0.395562241,1424.024067
940,bat4,12/4/14 7:21,0.0188,0.000188,day roost,410,0.395562241,1424.024067
941,bat4,12/4/14 7:21,0.0188,0.000188,day roost,410,0.395562241,1424.024067
942,bat4,12/4/14 7:21,0.0188,0.000188,day roost,410,0.395562241,1424.024067
943,bat4,12/4/14 7:21,0.0188,0.000188,day roost,411,0.397557111,1431.205601
944,bat4,12/4/14 7:21,0.0188,0.000188,day roost,411,0.397557111,1431.205601
945,bat4,12/4/14 7:21,0.0188,0.000188,day roost,411,0.397557111,1431.205601
946,bat4,12/4/14 7:21,0.0188,0.000188,day roost,410,0.395562241,1424.024067
947,bat4,12/4/14 7:21,0.0188,0.000188,day roost,413,0.401562381,1445.624573
948,bat4,12/4/14 7:21,0.0188,0.000188,day roost,410,0.395562241,1424.024067
949,bat4,12/4/14 7:21,0.0188,0.000188,day roost,411,0.397557111,1431.205601
950,bat4,12/4/14 7:21,0.0188,0.000188,day roost,411,0.397557111,1431.205601
951,bat4,12/4/14 7:21,0.0188,0.000188,day roost,415,0.405588361,1460.1181
952,bat4,12/4/14 7:21,0.0188,0.000188,day roost,424,0.423961732,1526.262237
953,bat4,12/4/14 7:21,0.0188,0.000188,day roost,436,0.449113143,1616.807315
954,bat4,12/4/14 7:21,0.0188,0.000188,day roost,447,0.472825836,1702.173011
955,bat4,12/4/14 7:21,0.0188,0.000188,day roost,458,0.497168239,1789.80566
956,bat4,12/4/14 7:21,0.0188,0.000188,day roost,469,0.522141346,1879.708846
957,bat4,12/4/14 7:21,0.0188,0.000188,day roost,481,0.550105196,1980.378705
958,bat4,12/4/14 7:21,0.0188,0.000188,day roost,498,0.591009902,2127.635646
959,bat4,12/4/14 7:21,0.0188,0.000188,day roost,520,0.64619422,2326.299191
960,bat4,12/4/14 7:21,0.0188,0.000188,day roost,543,0.7066068,2543.784479
961,bat4,12/4/14 7:22,0.0188,0.000188,day roost,559,0.750276852,2700.996667
962,bat4,12/4/14 7:22,0.0188,0.000188,day roost,573,0.789596944,2842.548997
963,bat4,12/4/14 7:22,0.0188,0.000188,day roost,584,0.821218442,2956.38639
964,bat4,12/4/14 7:22,0.0188,0.000188,day roost,595,0.853480688,3072.530476
965,bat4,12/4/14 7:22,0.0188,0.000188,day roost,608,0.892435948,3212.769411
966,bat4,12/4/14 7:22,0.0188,0.000188,day roost,616,0.916854318,3300.675546
967,bat4,12/4/14 7:22,0.0188,0.000188,day roost,626,0.947855561,3412.280019
968,bat4,12/4/14 7:22,0.0188,0.000188,day roost,631,0.963555625,3468.80025
969,bat4,12/4/14 7:22,0.0188,0.000188,day roost,625,0.944731508,3401.03343
970,bat4,12/4/14 7:22,0.0188,0.000188,day roost,620,0.929191018,3345.087665
971,bat4,12/4/14 7:22,0.0188,0.000188,day roost,617,0.919930521,3311.749876
972,bat4,12/4/14 7:22,0.0188,0.000188,day roost,611,0.901553001,3245.590804
973,bat4,12/4/14 7:22,0.0188,0.000188,day roost,602,0.874345177,3147.642637
974,bat4,12/4/14 7:22,0.0188,0.000188,day roost,596,0.856445419,3083.203508
975,bat4,12/4/14 7:22,0.0188,0.000188,day roost,587,0.829953658,2987.833168
976,bat4,12/4/14 7:22,0.0188,0.000188,day roost,576,0.798157488,2873.366958
977,bat4,12/4/14 7:22,0.0188,0.000188,day roost,559,0.750276852,2700.996667
978,bat4,12/4/14 7:22,0.0188,0.000188,day roost,550,0.725546277,2611.966598
979,bat4,12/4/14 7:22,0.0188,0.000188,day roost,544,0.709296623,2553.467843
980,bat4,12/4/14 7:22,0.0188,0.000188,day roost,536,0.687925574,2476.532067
981,bat4,12/4/14 7:22,0.0188,0.000188,day roost,531,0.674739835,2429.063404
982,bat4,12/4/14 7:22,0.0188,0.000188,day roost,525,0.659090612,2372.726204
983,bat4,12/4/14 7:22,0.0188,0.000188,day roost,523,0.653916283,2354.098619
984,bat4,12/4/14 7:22,0.0188,0.000188,day roost,520,0.64619422,2326.299191
985,bat4,12/4/14 7:22,0.0188,0.000188,day roost,523,0.653916283,2354.098619
986,bat4,12/4/14 7:22,0.0188,0.000188,day roost,531,0.674739835,2429.063404
987,bat4,12/4/14 7:22,0.0188,0.000188,day roost,545,0.711991717,2563.170182
988,bat4,12/4/14 7:22,0.0188,0.000188,day roost,553,0.733742306,2641.472302
989,bat4,12/4/14 7:22,0.0188,0.000188,day roost,563,0.761405482,2741.059737
990,bat4,12/4/14 7:22,0.0188,0.000188,day roost,573,0.789596944,2842.548997
991,bat4,12/4/14 7:23,0.0188,0.000188,day roost,581,0.812530885,2925.111184
992,bat4,12/4/14 7:23,0.0188,0.000188,day roost,590,0.838736549,3019.451576
993,bat4,12/4/14 7:23,0.0188,0.000188,day roost,597,0.859415452,3093.895628
994,bat4,12/4/14 7:23,0.0188,0.000188,day roost,604,0.880354204,3169.275135
995,bat4,12/4/14 7:23,0.0188,0.000188,day roost,608,0.892435948,3212.769411
996,bat4,12/4/14 7:23,0.0188,0.000188,day roost,610,0.898508673,3234.631223
997,bat4,12/4/14 7:23,0.0188,0.000188,day roost,611,0.901553001,3245.590804
998,bat4,12/4/14 7:23,0.0188,0.000188,day roost,611,0.901553001,3245.590804
999,bat4,12/4/14 7:23,0.0188,0.000188,day roost,610,0.898508673,3234.631223